"lwage","educ","exper","black","south","smsa","nearc4"
6.30627529,7,16,1,0,1,0
6.17586727,12,9,0,0,1,0
6.58063914,12,16,0,0,1,0
5.52146092,11,10,0,0,1,1
6.59167373,12,16,0,0,1,1
6.2146081,12,8,0,0,1,1
6.33682573,18,9,0,0,1,1
6.41017488,14,9,0,0,1,1
6.05208917,12,10,0,0,1,1
6.2441669,12,11,0,0,1,1
5.4161004,9,13,0,0,1,1
5.99146455,12,8,0,0,1,1
6.03308622,11,7,0,0,1,1
5.37989735,11,13,0,0,1,1
6.79570578,16,9,1,0,1,1
5.70378247,14,4,0,0,1,1
5.84643878,12,16,0,0,1,1
6.48920493,14,9,0,0,1,1
6.35437004,10,10,0,0,1,1
6.47543272,12,14,0,0,1,1
6.85012617,18,8,0,1,1,1
6.41999493,18,10,0,0,1,1
6.58755001,15,11,0,0,0,1
6.4035742,12,10,0,0,1,1
6.54103,12,14,0,0,1,1
7.24422752,18,10,0,0,0,1
5.70378247,12,8,0,0,1,1
7.49554194,18,8,0,0,1,1
6.02344759,12,7,0,0,1,1
6.44888939,14,9,0,0,0,1
5.33753808,12,7,0,0,1,1
6.12468339,12,7,1,0,1,1
6.71417053,16,2,0,0,1,1
6.35784227,18,10,0,0,1,1
5.54126355,11,11,0,0,1,1
6.86901445,16,8,0,0,1,1
6.85012617,10,15,0,0,1,1
7.0440329,18,10,0,0,1,1
5.78074352,6,15,0,0,1,1
5.45958551,11,7,1,0,1,1
6.90775528,12,16,0,0,1,1
6.17586727,9,11,0,0,1,1
6.43615037,15,11,0,0,1,1
6.47697236,11,17,0,0,1,1
5.84064166,12,6,1,0,1,1
5.94017125,16,2,0,1,1,1
5.86646806,12,6,0,0,1,1
6.49072353,13,6,0,0,1,1
6.43133108,17,5,0,0,1,1
6.08677473,12,7,0,0,1,1
6.60394382,12,8,1,0,1,1
5.6347896,11,14,1,1,0,1
6.07304453,10,8,0,0,1,1
6.5581978,12,9,0,0,1,1
6.05208917,12,9,0,0,1,1
6.34738921,12,6,0,0,1,1
6.28785856,16,8,0,0,1,1
6.60665019,16,10,0,0,1,1
6.51174533,13,13,0,0,1,1
6.64509097,12,16,0,0,1,1
6.38350663,12,6,0,0,1,1
5.36129217,9,9,1,0,1,1
7.35436233,16,12,0,0,1,1
6.65157187,16,6,0,0,1,1
6.39692966,12,8,0,1,1,1
6.54103,18,0,0,0,1,1
6.34563636,13,12,0,0,1,1
6.07073773,14,8,0,0,1,1
6.28785856,15,7,0,0,1,1
6.44094654,12,7,0,0,1,1
6.17586727,8,17,0,0,1,1
6.30078579,12,8,0,0,1,1
6.35610766,12,7,0,0,1,1
6.55108034,16,3,0,0,1,1
6.66949809,16,6,0,0,1,1
6.91968385,17,4,0,0,1,1
6.63068339,12,6,0,0,1,1
6.39859493,14,9,0,0,1,1
5.6454469,12,6,0,0,1,1
5.52146092,12,6,0,0,1,1
6.2146081,12,8,0,0,1,1
6.30991828,11,14,0,0,1,1
7.04141166,12,7,0,0,1,1
6.69703425,18,7,0,1,1,1
5.74620319,12,10,1,0,1,1
6.59441346,18,1,0,0,1,1
6.43775165,16,3,0,0,1,1
6.37672695,14,4,0,0,1,1
5.92692603,14,6,0,0,1,1
6.70563909,16,7,0,1,1,1
6.76272951,14,10,0,0,1,1
5.85793315,15,7,0,1,1,1
5.3082677,13,5,0,1,1,1
6.22455843,13,13,0,1,1,1
6.70441435,17,7,0,0,1,1
6.43775165,18,2,0,0,1,1
6.64509097,18,8,0,0,1,1
6.2146081,17,4,0,0,1,1
6.42810527,17,4,0,0,1,1
6.47697236,12,12,0,0,1,1
6.64509097,18,4,0,0,1,1
6.23832463,12,8,0,0,1,1
6.43775165,18,7,0,0,1,1
7.01301579,14,11,0,0,1,1
6.58063914,13,9,0,0,1,1
7.05098945,14,12,0,0,1,1
6.7178047,18,10,0,0,0,1
6.82762923,16,12,0,0,1,1
6.98100574,17,5,0,0,1,1
6.43775165,12,15,0,0,1,1
6.13122649,13,8,0,0,1,1
6.80239476,14,4,1,0,1,1
6.52502966,18,5,0,0,1,1
6.01859321,12,6,0,0,1,1
6.43775165,13,8,0,0,1,1
6.91274282,18,8,0,0,1,1
6.58617165,11,7,0,0,1,1
6.62007321,15,6,0,0,1,1
6.27098843,14,9,0,0,1,1
6.8793558,17,6,0,0,1,1
6.15697899,12,8,0,0,0,1
5.78382518,12,6,0,0,1,1
6.77422389,12,16,0,0,1,1
6.43775165,13,15,0,0,1,1
5.82008293,12,8,0,0,1,1
6.17586727,16,5,0,0,1,1
6.47697236,9,14,0,0,1,1
5.94803499,16,3,0,0,1,1
6.86901445,18,6,0,0,1,1
6.42162227,16,7,0,0,0,1
6.5539334,14,8,0,0,1,1
6.453625,14,11,0,0,1,1
5.29831737,12,10,0,0,1,1
6.70563909,12,9,0,0,1,1
6.35784227,14,6,0,0,1,1
6.14418563,17,3,0,0,1,1
6.82871207,16,7,0,0,1,1
6.67582322,16,9,0,1,1,1
6.453625,14,8,0,0,1,1
6.34563636,12,7,0,0,1,1
6.5581978,16,7,0,0,1,1
6.453625,14,8,0,0,1,1
6.54247196,12,12,0,0,1,1
6.42162227,13,15,0,0,1,1
6.13556489,16,4,0,0,1,1
6.76272951,12,16,0,0,1,1
6.60258789,18,9,0,1,1,1
7.24422752,12,7,0,0,1,1
6.69456206,12,13,0,0,1,1
6.48310735,16,4,0,0,1,1
5.70378247,12,7,0,0,1,1
6.35784227,16,8,0,0,1,1
5.57972983,16,2,0,0,1,1
6.38687932,18,7,0,0,0,1
5.78382518,17,3,0,0,1,1
5.95324333,16,2,0,0,0,1
6.90775528,18,1,0,0,1,1
6.14203741,18,4,0,0,1,1
6.08677473,16,6,0,0,1,1
6.43775165,16,5,0,0,1,1
5.65248918,17,4,0,0,1,1
6.47697236,14,7,0,0,1,1
6.69456206,13,6,0,0,1,1
6.2146081,12,6,0,0,1,1
6.72262979,16,4,0,0,1,1
6.2146081,12,13,0,0,1,1
6.54103,17,9,0,0,1,1
7.00306546,12,9,0,0,1,1
6.63725803,12,7,0,0,1,1
6.67834211,12,9,0,0,1,1
5.80814249,16,3,0,0,1,1
6.01371516,18,6,0,0,1,1
6.76272951,16,5,0,0,1,1
6.78897174,12,13,0,0,1,1
6.51174533,12,16,0,0,1,1
6.55108034,12,15,0,0,0,1
5.52146092,18,9,0,1,1,1
6.43775165,11,10,0,0,1,1
6.03308622,13,12,0,0,1,1
6.35610766,13,9,0,0,1,1
6.41836494,12,8,1,0,1,1
6.55108034,12,13,0,0,1,1
6.10924758,12,6,0,0,1,1
6.2146081,16,6,0,0,1,1
6.24222327,12,7,0,0,0,1
5.52146092,16,3,0,0,1,1
5.75257264,12,6,0,0,0,1
5.92692603,12,11,0,0,1,1
6.12468339,15,13,0,0,0,1
5.6167711,12,9,1,0,1,1
6.85751406,12,10,0,0,1,1
7.01660968,16,10,0,0,1,1
5.66642669,16,3,0,0,0,1
6.2146081,16,3,0,0,1,1
6.58755001,18,8,0,0,1,1
7.1428274,18,5,0,0,1,1
6.41836494,17,3,1,0,1,1
6.30078579,12,10,0,0,1,1
5.62762111,13,9,0,0,1,1
7.27378632,18,10,0,0,1,1
6.90274274,16,5,0,0,1,1
6.55108034,12,11,0,0,1,1
6.35784227,16,6,0,0,1,1
6.7546041,16,9,0,0,1,1
6.53087763,12,10,0,0,1,1
6.72383244,15,10,0,0,1,1
6.45047042,13,14,0,0,1,1
6.53524127,12,14,0,0,1,1
6.64509097,14,10,0,0,1,1
5.95324333,15,6,0,0,1,1
6.10924758,12,6,0,0,1,1
6.42162227,12,9,0,0,1,1
6.52502966,12,16,0,0,1,1
6.50727771,10,16,0,0,1,1
6.68461173,11,16,0,0,1,1
6.22455843,14,14,0,0,1,1
6.93342303,18,6,0,0,1,1
6.64509097,15,4,0,0,1,1
5.66988092,10,16,0,1,1,1
6.27098843,13,9,0,0,1,1
7.05098945,16,7,0,0,1,1
6.30809844,10,13,0,0,1,1
6.1633148,12,8,0,0,1,1
6.10924758,12,8,0,0,1,1
6.77422389,17,4,0,0,1,1
5.29831737,15,4,0,0,1,1
5.70378247,13,7,0,0,0,1
6.13556489,16,3,0,0,0,1
5.95324333,12,12,0,0,1,1
7.15617664,15,11,0,0,1,1
6.37672695,16,3,0,0,1,1
6.39692966,12,9,0,0,1,1
6.2146081,16,8,0,0,1,1
6.08677473,12,15,1,0,1,1
6.14632926,18,2,0,1,1,1
6.83410874,17,6,0,0,1,1
6.32076829,16,5,0,0,1,1
6.08221891,13,5,0,0,1,1
6.39692966,12,11,1,0,1,1
6.35437004,12,8,1,0,1,1
5.96357934,12,8,1,0,1,1
6.67834211,12,16,0,0,0,1
6.15485809,18,3,0,0,1,1
5.3082677,17,3,0,0,1,1
5.29831737,17,1,0,0,1,1
5.85793315,17,1,0,0,1,1
5.92692603,14,4,0,0,0,1
6.17586727,16,3,0,0,1,1
6.86901445,18,7,0,0,1,1
6.04737218,15,6,0,0,1,1
6.2146081,15,6,0,0,1,1
6.10924758,9,15,0,0,1,1
6.16541785,8,14,0,0,1,1
4.91265489,12,6,0,0,1,1
6.35437004,12,14,0,0,1,1
6.35784227,12,15,0,0,1,1
5.7365723,12,13,0,0,1,1
6.55108034,9,15,0,0,1,1
7.18690102,14,12,0,0,1,1
6.31173481,10,18,0,0,1,1
6.78105763,17,7,0,0,1,1
6.63331843,12,7,0,0,1,1
6.56244409,12,14,0,0,1,1
6.05208917,12,8,0,0,1,1
6.05678401,12,8,0,0,1,1
6.35610766,16,2,0,0,1,1
5.99146455,9,17,0,0,1,1
6.2146081,12,13,0,0,0,1
6.27476202,12,10,0,0,0,1
6.51174533,16,6,0,0,1,1
6.35784227,16,5,0,1,1,1
5.78382518,16,2,0,0,1,1
6.2146081,11,12,0,0,0,1
6.64639051,12,7,0,0,0,1
6.2146081,12,8,0,0,1,1
5.96870756,16,6,0,0,1,1
6.69703425,12,16,0,0,1,1
6.29710932,9,19,1,0,0,1
6.3851944,9,19,1,0,0,1
6.76157277,17,2,0,0,1,1
6.55108034,10,12,1,0,0,1
6.23441073,12,7,0,0,0,1
6.42162227,13,15,0,0,1,1
6.63463336,14,9,0,0,1,1
6.20050917,10,15,0,0,1,1
6.09807428,16,2,0,0,1,1
6.05208917,12,7,0,0,1,1
6.62007321,16,2,0,0,1,1
6.55108034,16,2,0,0,1,1
6.08221891,12,6,0,0,1,1
6.41017488,12,11,0,0,1,1
6.10924758,13,5,0,0,1,1
5.74620319,3,17,0,0,1,1
5.52146092,7,20,1,0,1,1
6.2146081,14,13,0,0,1,1
5.89989735,12,8,0,0,1,0
6.70073111,12,8,0,0,1,0
5.78689738,12,7,0,0,0,0
6.26149168,12,11,0,0,0,0
6.70318811,13,9,0,0,1,0
6.62007321,12,10,0,0,1,0
6.26339826,17,1,0,0,1,0
7.02553831,12,14,0,0,1,0
6.43775165,12,10,0,0,1,0
6.57228254,14,5,0,0,1,0
6.38181602,12,13,0,0,0,0
6.00141488,17,4,0,0,1,0
6.51471269,12,10,0,0,1,1
6.09582456,12,7,0,0,1,1
6.19031541,12,6,0,0,1,1
6.54391185,9,19,0,0,1,1
6.55108034,12,7,0,1,1,1
5.78382518,12,6,0,1,1,1
6.32076829,9,10,0,0,1,1
5.78382518,12,8,0,0,1,1
6.50428817,13,7,0,0,1,1
7.7848893,18,7,0,0,1,1
6.63068339,16,3,0,0,1,1
6.89365635,16,12,0,0,1,1
6.35784227,12,7,0,0,1,1
5.65599181,17,6,0,0,0,1
5.44241771,14,8,0,1,1,1
6.24027585,12,7,0,0,1,1
6.42162227,15,7,0,0,1,1
6.55108034,15,4,0,0,1,1
6.57088296,18,9,0,0,1,1
6.55250789,9,15,0,0,1,1
6.13556489,12,6,1,0,1,1
6.76619171,18,4,0,0,1,1
6.82110747,16,7,0,0,0,1
6.97073008,12,9,0,0,1,1
5.99146455,12,11,0,1,1,1
6.46146818,12,9,0,0,1,1
5.65248918,13,5,0,0,1,1
6.46302946,17,4,0,1,1,1
5.96357934,13,13,0,0,1,1
6.91770561,12,7,0,0,1,1
6.70563909,12,6,0,0,0,1
6.88243747,17,4,0,0,1,1
6.62007321,12,11,1,0,1,1
6.13772705,15,3,0,0,0,1
7.23489842,12,10,0,0,1,1
6.35784227,12,7,0,0,1,1
5.99396143,12,9,0,0,1,1
5.768321,10,10,0,0,1,1
6.24222327,12,9,0,0,1,1
5.33753808,11,8,0,0,1,1
7.08338785,17,4,0,0,1,1
6.43775165,14,6,0,0,1,1
6.17586727,17,11,0,0,1,1
6.57088296,13,8,0,0,1,1
6.43775165,11,10,0,0,1,1
6.315358,12,12,0,0,1,1
6.36130248,12,16,0,0,1,1
6.73459166,18,4,0,0,1,1
7.56164175,18,9,0,0,1,1
6.69208374,16,4,0,0,1,1
5.84064166,12,11,1,0,1,1
6.86901445,12,14,0,0,1,1
6.39692966,12,14,0,0,0,1
6.72982407,18,10,0,0,1,1
6.43775165,16,2,0,0,1,1
6.33327963,16,6,0,0,1,1
7.25134498,16,6,0,0,1,1
6.1737861,12,7,0,0,1,1
6.39692966,12,6,0,0,1,1
5.70378247,9,13,0,0,1,1
6.22455843,9,10,0,0,1,1
6.03308622,14,5,1,0,1,1
5.70378247,12,6,1,0,1,1
6.76272951,18,3,0,0,1,1
5.70378247,16,3,0,0,1,1
6.58063914,12,14,0,0,1,1
6.75227038,12,16,0,0,1,1
6.60394382,10,14,0,0,1,1
6.96413561,17,8,1,0,1,1
6.27098843,12,14,1,0,1,1
6.34913899,11,17,0,0,1,1
6.69084228,12,14,0,0,0,1
5.99146455,10,14,0,0,1,1
6.86901445,18,5,0,0,1,1
6.70563909,18,3,0,0,1,1
6.60665019,13,9,0,0,1,1
6.58063914,18,6,0,0,1,1
6.81673588,18,0,0,0,1,1
5.93753621,17,4,0,0,1,1
5.85793315,14,6,0,0,1,1
6.54247196,11,16,0,0,1,1
6.92165818,12,14,0,1,1,1
7.0352686,18,10,0,0,1,1
7.44366368,18,6,0,0,1,1
6.27098843,12,8,0,0,1,1
6.51174533,17,9,1,0,1,1
6.91770561,17,5,0,0,1,1
6.74051936,18,4,0,0,1,1
6.56526497,11,10,0,0,1,1
6.70930434,16,4,0,0,0,1
6.10255859,12,6,0,0,1,1
6.2146081,15,4,0,0,1,1
6.95559261,16,9,0,0,1,1
7.09174212,18,5,0,0,1,1
6.5366916,12,15,0,0,1,1
6.4738907,16,6,0,0,1,1
6.77422389,13,11,0,0,1,1
6.30627529,17,2,0,0,1,1
6.39692966,7,15,0,0,1,1
7.71601527,15,13,0,0,1,1
7.27378632,12,13,0,0,1,1
5.768321,12,16,1,0,1,1
7.14045304,18,9,0,0,1,1
6.39692966,12,6,0,0,1,1
5.70378247,11,9,1,0,1,1
6.28785856,16,2,0,0,1,1
6.61204103,12,15,0,0,0,1
6.74051936,12,15,0,0,1,1
6.70073111,16,7,0,0,1,1
6.90775528,12,10,0,0,1,1
6.32972091,16,4,0,0,1,1
5.65248918,18,2,0,0,1,1
6.0799332,16,5,0,0,1,1
5.78382518,13,6,0,0,1,1
6.3630281,16,6,0,0,1,1
6.37672695,16,4,1,0,1,1
6.68586095,18,5,0,0,1,1
5.74300319,14,5,0,0,1,1
5.52146092,12,11,1,0,1,1
6.2146081,15,6,1,0,1,1
6.62007321,12,15,1,0,1,1
5.83773045,13,12,0,1,1,1
5.52146092,15,7,0,0,1,1
6.55108034,16,2,0,0,1,1
5.99146455,12,7,0,0,1,1
6.31896811,17,4,0,0,1,1
6.54965074,15,7,0,0,1,1
7.56164175,14,4,0,0,1,1
7.10332206,18,8,0,0,1,1
6.42162227,16,7,0,0,1,1
6.61338422,14,5,0,0,1,1
6.12686918,16,2,0,0,1,1
6.47234629,18,1,0,0,1,1
6.61338422,12,7,0,0,1,1
6.70318811,16,3,0,1,1,1
6.76272951,16,9,0,0,1,1
6.295266,12,10,0,0,1,1
5.89989735,13,8,0,0,1,1
6.03308622,10,8,0,0,1,1
6.48768402,16,5,0,0,1,1
6.27098843,15,5,0,0,1,1
6.74641213,17,6,0,0,1,1
6.49677499,12,7,0,0,1,1
6.27098843,16,2,0,0,1,1
6.79009724,18,4,0,0,1,1
6.76272951,17,5,0,1,1,1
5.44241771,18,2,0,1,1,1
6.68710861,12,14,0,1,0,1
6.27852142,13,8,0,0,1,1
6.65286303,15,4,1,0,1,1
6.16541785,14,4,1,0,1,1
6.76272951,16,11,0,0,1,1
6.92165818,16,6,0,0,0,1
6.46302946,18,8,0,0,1,1
5.80814249,16,2,0,0,1,1
6.32076829,11,17,1,0,1,1
6.26909628,18,2,0,0,1,1
6.453625,12,8,0,0,1,1
6.2146081,11,10,1,1,1,1
7.05098945,16,12,1,0,1,1
6.75110147,18,2,0,0,1,1
6.1717006,12,10,0,0,0,1
6.70563909,18,1,0,1,1,1
6.53958596,18,5,0,0,1,1
6.89669433,16,11,0,0,0,1
6.10255859,16,9,0,1,1,1
6.90975328,18,10,0,0,1,1
7.12367279,18,10,0,0,1,1
6.82546004,14,12,0,0,0,1
6.34738921,12,10,0,0,1,1
6.26339826,12,13,0,0,1,1
7.05098945,12,10,0,0,1,1
6.1737861,12,6,1,0,1,1
6.73221071,11,7,0,0,1,1
7.24565507,14,13,0,0,1,1
5.99146455,13,8,1,0,1,1
6.56526497,12,15,0,0,1,1
6.453625,14,4,0,0,1,1
5.96100534,13,7,0,0,1,1
6.53378884,12,8,0,0,1,1
6.44571982,12,16,0,0,1,1
6.95081477,15,13,0,0,1,1
6.35784227,12,6,0,0,1,1
6.2146081,12,7,0,0,1,1
6.66057515,12,16,0,0,0,1
6.35784227,13,7,0,0,1,1
6.26339826,13,6,0,0,1,1
5.95324333,17,5,0,0,1,1
6.43775165,12,11,0,0,1,1
6.43775165,16,6,0,0,1,1
6.1633148,13,7,0,0,1,1
6.49072353,14,5,0,0,1,1
6.05208917,16,2,0,0,1,1
6.26149168,14,5,0,0,1,1
6.43775165,12,8,0,0,1,0
6.91770561,16,9,0,0,1,0
6.39859493,12,8,0,0,1,0
6.69456206,12,9,0,0,1,0
6.05443935,12,10,0,0,1,0
6.96602419,12,12,0,0,1,0
6.02586597,12,8,0,0,1,0
6.19847872,12,12,0,0,1,0
5.78382518,12,9,0,0,1,0
5.6167711,12,10,0,0,1,0
5.67332327,12,7,0,0,1,0
6.59441346,18,7,0,1,1,0
6.19031541,14,6,0,1,1,0
5.82008293,14,4,0,0,1,0
6.58617165,12,9,0,0,1,0
6.08677473,13,6,0,0,0,0
6.46302946,16,5,0,0,0,0
5.92692603,12,10,0,0,1,0
6.17586727,12,7,0,0,1,0
6.82979374,14,9,0,0,1,0
6.24222327,12,8,0,0,1,0
6.97073008,12,15,0,0,1,0
6.45833828,12,10,0,0,1,0
6.60529792,12,14,0,0,1,0
6.20050917,12,8,0,0,1,0
6.47697236,10,8,0,1,1,0
5.73009978,7,18,0,0,1,0
6.44413126,16,8,0,0,1,0
6.01371516,13,9,0,0,0,0
6.39692966,18,9,0,0,1,0
6.61338422,12,10,0,0,0,0
6.43775165,17,8,0,0,1,0
6.30809844,12,11,0,0,0,0
5.78689738,15,3,0,0,0,0
5.55295958,9,11,0,0,0,0
6.77422389,12,8,0,0,1,1
6.45990445,12,7,0,0,0,1
6.50279005,11,16,0,0,0,1
6.22257627,14,9,0,1,1,1
5.74620319,17,2,0,1,1,1
6.91770561,18,3,0,1,1,1
6.90775528,10,17,0,0,0,1
6.58063914,16,6,0,0,0,1
6.66568372,12,9,0,0,0,1
6.30261898,12,16,0,0,0,1
6.71901315,12,7,0,0,0,1
5.0689042,12,7,0,0,0,1
6.55108034,10,11,0,0,0,1
6.58063914,13,9,0,0,0,1
5.7170277,12,6,0,0,0,1
6.315358,16,3,0,0,1,1
6.295266,14,6,0,1,1,1
6.23244802,16,2,0,0,0,1
5.95324333,16,2,0,0,0,1
7.27378632,12,14,0,0,1,0
6.7787849,16,10,0,0,1,0
6.90775528,13,5,0,0,1,0
6.76041469,12,10,0,0,0,0
6.60665019,12,9,0,0,0,0
6.79009724,12,16,0,0,0,0
6.12686918,15,8,0,0,1,0
6.10924758,12,16,0,0,1,1
6.55108034,12,16,0,0,1,1
6.61204103,14,13,0,0,1,1
6.79009724,16,10,0,0,1,1
6.53958596,18,8,0,0,1,1
6.4035742,18,9,0,0,0,1
6.43775165,18,6,0,0,1,1
6.6147256,14,13,0,0,1,1
6.58755001,18,9,0,0,1,1
6.32793678,12,12,0,0,1,1
6.04973346,12,8,0,0,0,1
5.99146455,12,8,0,0,0,1
5.52146092,14,6,0,0,1,1
6.4707995,13,7,0,0,1,1
6.39359075,12,6,0,0,1,1
6.90775528,12,9,0,0,1,1
6.26909628,12,10,0,0,0,1
6.17586727,12,8,0,0,0,1
6.74523635,12,15,0,0,0,1
6.22653667,14,10,0,0,0,1
6.23832463,12,11,0,0,1,1
5.39362755,11,9,0,0,1,1
5.0369526,16,2,0,0,1,1
5.48063892,12,13,0,0,1,1
6.32256524,12,10,0,0,1,1
6.2146081,15,6,0,0,1,1
5.91889385,16,4,0,0,1,1
5.85793315,10,9,0,0,0,1
6.36990098,12,8,0,0,0,1
6.2441669,13,7,0,0,0,1
5.96614674,12,11,0,0,0,0
5.6347896,16,3,0,0,0,0
6.5366916,12,15,0,0,0,0
5.70378247,12,8,0,0,0,0
6.453625,17,4,0,0,0,0
5.83481074,13,7,0,0,0,0
6.22455843,16,4,0,0,0,0
5.87493073,13,5,0,0,0,0
5.5683445,12,15,0,0,0,0
5.99146455,10,16,0,0,0,0
6.60665019,13,10,0,0,0,0
5.83481074,12,16,0,0,0,0
5.62040087,15,8,0,0,0,0
6.05678401,9,9,0,0,0,0
5.47646355,12,7,0,0,0,0
5.95324333,13,5,0,0,0,0
5.85793315,12,11,0,0,0,0
6.3952616,12,11,0,0,0,0
6.62007321,15,10,0,0,1,0
6.53958596,16,11,0,0,0,0
4.99043259,12,16,0,0,0,0
5.6347896,12,8,0,0,1,1
6.64509097,18,8,0,0,1,1
6.91770561,13,13,0,0,1,1
6.24804287,14,6,0,0,0,1
5.99146455,16,4,0,0,0,1
5.92692603,12,7,0,0,0,1
6.39024067,12,13,0,0,0,1
5.85793315,7,18,0,0,0,1
6.03308622,11,16,0,0,0,1
5.8230459,16,7,0,0,0,1
6.17586727,18,2,0,0,0,1
6.2146081,12,10,0,0,0,1
5.72031178,12,9,0,0,0,1
6.10924758,10,18,0,0,0,1
6.64509097,16,7,0,0,1,1
6.58063914,16,4,0,0,1,1
6.90775528,13,10,0,0,1,1
6.43775165,14,10,0,0,1,1
6.70563909,16,4,0,0,1,1
5.93224519,12,16,0,0,1,1
6.56244409,12,15,0,0,1,1
6.01859321,14,4,0,0,1,1
7.19967835,13,13,0,0,1,1
6.57368017,12,16,0,0,0,1
5.25749537,10,16,1,0,1,1
6.68085468,16,10,1,0,1,1
6.82871207,16,12,1,0,1,1
5.48063892,15,5,1,0,1,1
6.43775165,13,6,0,0,1,1
6.93244789,8,10,0,0,1,1
6.22059017,12,10,1,1,0,1
6.13556489,16,6,0,0,1,1
6.16541785,16,3,0,0,0,1
6.2146081,15,5,0,1,1,1
6.90775528,12,16,0,0,0,1
6.49677499,13,15,0,0,0,1
6.56103067,15,13,0,0,1,1
6.83303173,16,9,0,1,1,1
5.70378247,12,6,0,0,0,1
5.89989735,15,6,0,0,1,1
6.46925032,12,12,0,0,1,1
6.13556489,18,1,0,0,0,1
6.93342303,18,9,0,0,1,1
6.26339826,12,6,0,0,1,1
5.92692603,18,5,0,0,1,1
7.33823815,18,10,0,0,1,1
6.82762923,18,9,0,0,1,1
6.34212142,13,7,0,0,1,1
6.39692966,14,5,0,0,1,1
6.58063914,15,6,0,0,1,1
7.01750614,17,1,0,0,1,1
6.56807791,14,7,0,0,1,1
6.69456206,16,7,0,0,1,1
6.82979374,11,10,0,0,1,1
6.30991828,9,10,0,0,1,1
5.60211882,12,8,0,0,1,1
6.72503364,7,19,0,0,1,1
7.09007684,12,12,0,0,1,1
6.36475076,14,13,0,0,1,1
6.53087763,17,11,1,0,1,1
6.90775528,18,8,1,0,1,1
6.28599809,13,5,1,0,1,1
6.5366916,12,10,1,0,1,1
6.2146081,12,10,0,0,1,1
6.62007321,13,14,0,0,1,1
6.81673588,17,6,0,1,1,1
6.39692966,15,3,0,0,1,1
6.35784227,16,2,0,0,1,1
6.39859493,12,8,0,0,1,1
6.35784227,12,13,0,0,1,1
6.51767127,12,14,0,0,1,1
6.15909539,18,3,1,0,1,1
5.85793315,14,4,0,0,1,1
6.42971948,15,11,0,0,1,1
5.9348942,16,2,0,0,1,1
5.49306144,16,3,0,0,1,1
6.62007321,12,8,0,0,1,1
6.08904488,18,6,0,0,0,1
6.53378884,14,9,0,0,1,1
6.2166061,18,1,0,0,0,1
5.99146455,12,11,0,0,1,1
6.88857246,12,8,0,0,1,1
6.47543272,14,10,0,1,1,1
6.43775165,12,14,0,0,1,1
6.56103067,16,6,1,0,1,1
6.94985646,12,11,0,0,1,1
6.63463336,12,9,0,0,1,1
6.26149168,13,6,0,0,0,1
6.35437004,13,8,1,0,1,1
6.76272951,14,6,1,0,1,1
6.56948142,12,10,1,0,1,1
6.51174533,16,5,0,0,1,1
6.49526556,12,7,0,0,1,1
6.29710932,14,9,0,0,1,1
6.26339826,13,6,0,0,1,1
6.46146818,12,10,0,0,1,1
5.69373214,12,8,0,0,1,1
6.85329909,8,19,1,0,1,1
6.2146081,12,16,1,0,1,1
6.42971948,13,6,1,0,1,1
5.62401751,12,7,1,0,1,1
5.48063892,10,10,0,1,0,1
5.48063892,10,9,0,1,0,1
6.13556489,12,15,0,0,1,1
6.00141488,12,9,1,0,1,1
6.10924758,12,7,1,0,1,1
5.52146092,12,6,1,0,1,1
6.58892648,11,9,1,0,1,1
6.50279005,12,6,1,0,1,1
6.86901445,12,10,1,0,1,1
6.62007321,14,7,0,0,1,1
6.50279005,14,5,0,0,1,1
6.53958596,17,11,0,0,0,1
6.14203741,12,7,1,0,1,1
6.46302946,12,12,1,0,1,1
6.56526497,11,12,1,0,1,1
6.05208917,13,6,1,0,1,1
6.72503364,12,9,0,0,1,1
5.73009978,12,8,0,0,1,1
6.43775165,16,7,0,0,1,1
7.27378632,16,10,0,0,1,1
6.51174533,16,3,0,0,1,1
7.20489251,17,5,0,0,1,1
5.99146455,17,10,0,0,1,1
6.24997524,9,19,0,0,0,1
6.12249281,14,6,0,0,1,1
6.01371516,17,10,0,1,1,1
6.32614947,18,10,0,0,1,1
5.43807931,12,6,1,0,1,1
6.93342303,17,4,0,0,1,1
6.98656646,12,9,0,0,1,1
7.09174212,14,4,0,0,1,1
5.79605775,17,2,0,0,0,1
6.17586727,18,3,0,0,1,1
6.51174533,18,0,0,1,1,1
7.42833319,17,8,0,0,1,1
7.15617664,16,12,0,0,1,1
6.35784227,12,6,0,0,1,1
6.09582456,18,3,0,0,1,1
6.17586727,16,6,1,0,1,1
6.14632926,12,6,1,0,1,1
6.50428817,6,19,0,0,1,1
5.65599181,15,6,0,0,1,1
6.35784227,18,9,0,0,1,1
6.58063914,14,9,0,0,1,1
6.13556489,12,7,0,0,1,1
6.62007321,15,4,0,0,1,1
5.29831737,12,6,0,0,1,1
6.47697236,12,9,0,0,1,1
6.17586727,18,4,0,0,1,1
6.39692966,11,7,0,0,1,1
6.64509097,16,6,0,1,1,1
6.65286303,17,4,0,0,1,1
6.46302946,16,2,0,0,1,1
6.96129605,14,13,0,0,1,1
6.51619308,16,9,0,0,1,1
6.53813982,12,10,0,0,1,1
6.86901445,17,7,0,0,1,1
5.99146455,13,9,0,0,1,1
6.51174533,16,5,0,0,1,1
7.27378632,18,10,1,0,1,1
6.27098843,18,8,0,0,1,1
6.55108034,14,7,1,0,1,1
6.51471269,8,20,1,0,1,1
6.20253552,18,1,0,0,1,1
6.2146081,12,6,0,0,1,1
6.10924758,16,2,1,0,1,1
6.39859493,13,6,1,0,1,1
6.57507584,13,9,1,0,1,1
6.35437004,12,11,1,0,1,1
5.85793315,12,7,1,0,1,1
5.85793315,12,6,1,0,1,1
6.46614472,16,7,0,0,1,1
6.51471269,15,3,0,0,1,1
6.52062113,15,7,0,0,1,1
6.28039584,12,9,0,0,1,1
6.26149168,16,9,0,0,1,1
6.50279005,16,6,0,1,1,1
5.91350301,14,6,0,0,1,1
6.48920493,15,5,0,0,1,1
6.55108034,12,16,1,0,1,1
5.73979291,18,3,0,0,1,1
6.73459166,9,18,0,0,1,1
6.49223984,14,11,0,0,1,1
6.53958596,16,9,0,0,1,1
6.35784227,15,7,0,0,1,1
6.5581978,17,3,0,0,1,1
5.6767538,16,5,0,1,1,1
6.62007321,13,7,0,0,1,1
7.27378632,16,12,0,0,1,1
7.09174212,16,11,0,0,1,1
7.37963215,15,12,0,1,1,1
6.64509097,14,12,0,1,1,1
6.24027585,16,9,0,0,1,1
6.69084228,12,13,0,0,1,1
6.86901445,17,11,0,0,1,1
6.51471269,12,7,0,0,1,1
5.98645201,13,5,0,0,1,1
6.75110147,14,13,0,0,1,1
6.54103,11,8,1,0,1,1
6.46302946,11,7,1,0,1,1
5.84354442,13,8,1,0,1,1
6.32972091,12,9,1,0,1,1
6.52795792,12,6,1,0,1,1
6.15060277,16,7,0,1,1,1
5.70378247,16,4,0,0,1,1
6.51174533,18,1,0,0,1,1
5.95324333,16,2,0,0,1,1
6.69456206,16,11,0,0,1,1
6.30627529,17,1,0,0,1,1
6.2146081,16,4,0,0,1,1
6.58892648,13,10,0,0,1,1
6.26149168,16,6,0,0,1,1
6.10924758,15,3,1,0,1,1
6.62671775,12,10,1,0,1,1
6.46146818,12,6,1,0,1,1
5.74620319,12,6,1,0,1,1
7.26192709,12,11,0,0,1,1
6.63463336,12,10,0,0,1,1
6.39692966,12,8,0,0,1,1
7.01301579,16,10,0,0,1,1
6.63725803,16,11,0,0,1,1
6.47697236,12,14,0,0,1,1
7.05185562,14,7,0,0,1,1
6.39692966,12,6,0,0,1,1
6.31896811,12,11,0,0,1,1
6.29710932,11,11,0,0,1,1
6.30991828,11,8,0,0,1,1
6.68461173,11,14,0,0,1,1
6.90775528,11,9,0,0,1,1
6.76157277,12,13,0,0,1,1
6.41836494,13,13,0,0,1,1
6.25190388,16,2,0,0,1,1
6.56103067,13,11,1,0,1,1
6.70686234,13,7,1,0,1,1
5.70378247,10,9,1,0,1,1
6.5539334,16,8,0,0,1,1
7.18690102,16,12,0,0,1,1
5.94017125,12,9,1,0,1,1
5.99146455,11,9,1,0,1,1
6.21060008,11,8,1,0,1,1
6.49677499,10,17,1,0,1,1
6.39692966,10,17,1,0,1,1
6.94119006,18,8,0,1,0,1
6.98378997,14,5,0,0,1,1
5.99146455,18,0,0,1,1,1
6.46302946,16,11,0,0,1,1
6.42971948,12,14,0,0,1,1
6.17586727,17,7,0,0,1,1
6.96413561,16,11,0,0,1,1
6.30078579,12,8,0,0,1,1
6.66695679,14,6,0,0,1,1
6.18414889,18,1,0,0,1,1
6.58202514,14,14,0,0,1,1
6.54391185,15,7,0,0,1,1
6.30809844,15,13,0,0,1,1
6.67582322,15,11,0,0,1,1
7.56164175,16,11,0,1,1,1
6.67582322,15,12,0,0,1,1
6.80239476,15,7,0,0,1,1
6.48310735,14,12,0,0,1,1
6.24027585,12,9,0,0,1,1
5.95064255,14,9,0,0,1,1
6.2146081,16,5,0,1,0,1
6.39859493,15,4,0,0,1,1
6.08221891,12,9,0,0,1,1
6.2146081,12,7,0,0,1,1
7.14203657,18,9,0,0,1,1
6.61606519,14,6,0,1,1,1
6.24027585,14,7,0,0,1,1
6.55108034,12,15,0,1,1,1
6.51025834,16,7,0,0,1,1
6.89060912,17,7,0,0,1,1
5.39362755,13,10,0,0,0,1
7.09174212,18,9,0,0,1,1
6.50279005,12,12,0,0,0,1
6.7310181,14,8,1,0,1,1
6.09582456,15,4,0,0,1,1
6.29710932,12,7,0,0,1,1
6.22455843,14,10,0,1,1,1
6.68085468,12,13,0,0,0,1
5.87773578,9,9,0,0,1,1
6.2146081,12,9,0,0,1,1
6.86901445,12,16,0,0,1,1
5.85793315,11,11,0,0,1,1
5.74620319,15,3,0,0,1,1
4.76217393,16,2,0,1,1,1
6.58755001,12,15,0,0,1,1
6.28413416,13,14,1,0,1,1
6.27664349,13,7,1,1,1,1
6.0591232,17,5,1,1,1,1
6.99759598,16,12,0,0,1,1
7.56268125,12,15,0,0,1,1
6.74523635,18,8,0,1,1,1
5.89989735,12,6,0,0,1,1
6.16120732,16,4,0,0,1,1
6.48616079,13,7,0,0,1,1
6.08677473,12,7,0,0,1,1
6.13556489,14,5,0,0,1,1
6.51174533,16,6,0,0,1,0
7.04751722,12,6,0,0,1,0
6.68461173,12,13,0,0,1,0
6.13122649,12,7,0,0,1,0
5.81114099,12,8,0,0,1,0
6.5539334,13,7,0,0,1,0
6.26149168,12,7,0,0,1,0
6.50279005,7,20,0,0,0,1
6.46302946,18,2,0,0,1,1
6.68461173,12,6,0,0,1,1
6.35784227,12,14,0,0,1,1
6.04737218,18,8,0,0,0,1
6.77308038,18,5,0,0,1,1
6.46146818,15,7,0,0,1,1
7.00397414,16,7,0,1,1,0
6.47543272,16,4,0,0,1,0
6.10924758,12,8,0,1,1,0
6.82871207,12,15,0,0,1,0
6.5482191,11,10,0,0,1,0
6.22455843,15,13,1,0,1,0
6.32076829,16,6,0,1,1,0
5.92692603,17,2,0,0,0,0
6.51174533,15,7,0,1,1,0
5.73009978,13,11,0,0,1,0
6.37161185,12,16,0,0,1,0
6.66057515,12,6,0,0,1,0
6.48616079,12,9,0,0,1,1
6.04737218,12,10,0,0,1,1
7.15617664,16,6,0,0,1,1
6.86901445,12,7,0,0,1,1
6.68461173,12,12,0,0,1,1
6.62007321,12,15,0,0,1,1
6.47234629,18,5,0,0,1,1
6.84374995,12,11,0,0,1,1
6.28599809,17,5,0,0,1,1
5.66988092,15,3,0,0,1,1
5.25749537,12,11,0,1,0,1
6.70686234,18,6,0,0,1,1
6.70073111,18,6,0,0,1,1
6.58892648,12,11,0,0,1,1
7.02553831,12,6,0,0,1,1
6.42162227,17,5,1,0,1,1
5.99893656,12,8,1,0,1,1
6.5581978,11,9,0,0,1,1
5.82008293,15,6,0,0,1,1
6.72503364,17,5,0,0,1,1
5.25749537,17,3,0,0,1,1
6.59304453,12,8,0,0,1,1
6.295266,10,10,0,0,1,1
6.7129562,12,10,0,0,0,1
6.08221891,12,8,0,1,1,1
6.5998705,14,4,0,1,1,1
6.05678401,16,2,0,0,1,1
5.82894562,12,12,0,0,0,1
6.17586727,13,15,0,1,1,1
6.70563909,16,10,0,0,1,1
6.2146081,12,10,0,0,0,1
6.29710932,12,7,1,0,1,1
6.10255859,16,4,0,0,1,1
5.37989735,15,4,0,0,0,1
5.6167711,8,12,0,0,1,1
5.86363118,15,3,1,0,1,1
6.58063914,12,11,0,0,0,1
6.91572345,12,9,0,0,0,1
6.48310735,17,6,0,0,1,1
6.68835471,16,4,0,0,1,1
6.34563636,12,9,0,0,1,1
6.39692966,16,3,0,0,1,1
6.46925032,12,6,0,0,1,1
6.10924758,13,7,0,0,1,1
6.09807428,13,7,0,1,1,1
6.38012254,15,8,0,0,0,1
6.58063914,14,5,0,0,1,1
6.54103,12,14,0,0,1,1
6.27098843,13,7,0,1,1,1
6.15273269,9,15,0,0,1,1
6.17586727,16,4,0,0,1,1
6.13556489,16,3,0,0,1,1
6.31716469,17,10,0,0,1,1
6.76272951,14,12,0,0,1,1
6.56948142,16,8,0,0,0,1
6.60665019,12,6,0,0,0,1
6.70563909,14,8,0,0,1,1
6.51767127,12,16,0,0,1,1
6.68085468,16,7,0,0,1,1
6.64509097,13,5,0,0,1,1
6.13556489,16,3,0,0,1,1
6.25190388,14,4,0,0,1,1
5.97380961,12,7,0,0,0,1
6.68461173,13,13,0,1,1,1
6.51174533,17,4,0,0,1,0
6.17586727,16,11,0,0,0,0
6.8145429,12,14,0,0,0,0
6.17586727,12,7,0,0,0,0
6.2146081,11,16,0,0,0,0
5.95324333,16,2,0,0,0,0
6.07764224,12,6,0,0,1,0
6.26530121,12,7,0,0,0,0
6.81673588,14,9,0,0,0,0
6.295266,16,3,0,0,0,0
6.64509097,13,9,0,0,0,0
5.420535,12,6,0,0,0,0
6.56667243,18,3,0,0,0,0
5.84643878,18,10,0,0,0,0
6.66822825,12,14,0,0,0,0
6.12029742,14,6,0,0,1,0
6.13122649,16,2,0,0,1,0
5.62401751,13,7,0,0,0,0
6.69456206,17,11,0,0,1,0
6.43615037,14,7,0,0,0,0
6.54678541,12,8,0,0,1,0
5.9348942,14,6,0,0,0,0
6.15909539,12,6,0,0,0,0
6.05208917,12,6,0,0,0,0
6.47543272,16,2,0,0,0,0
6.19644413,15,4,0,0,1,0
6.82871207,18,2,0,0,0,0
5.85793315,12,6,0,0,0,0
6.39692966,13,6,0,0,0,0
6.06145692,9,16,0,0,0,0
6.2146081,12,8,0,0,0,0
6.2146081,9,9,0,0,0,0
5.85793315,8,20,0,0,0,0
5.91350301,14,7,0,0,0,0
5.94017125,16,2,0,0,0,0
5.52146092,14,5,0,0,0,0
6.22653667,18,6,0,0,1,0
6.42810527,12,9,0,0,1,0
5.94279938,16,2,0,0,0,0
5.88887796,12,12,0,0,0,0
6.37672695,12,10,0,0,1,0
5.85793315,12,6,0,0,1,0
6.18208491,12,14,0,0,1,0
6.72743172,11,17,0,0,0,0
6.28226675,10,13,0,0,1,0
5.95324333,17,5,0,0,0,1
6.10924758,11,8,0,0,0,1
6.19644413,16,6,0,0,0,1
6.81783057,12,6,0,0,0,1
6.72262979,18,8,0,0,1,1
6.07304453,12,12,0,0,0,1
6.55108034,12,8,0,0,0,1
6.295266,10,10,0,0,0,1
5.44241771,16,2,0,0,0,1
5.97888576,12,16,0,0,0,0
6.58063914,12,7,0,0,1,0
7.07918439,12,7,0,0,0,0
6.2166061,12,7,0,0,1,0
5.81711116,16,2,0,0,1,1
6.33682573,12,14,0,0,0,1
6.87109129,17,11,0,1,0,0
7.22548147,12,15,0,0,1,0
6.68461173,12,10,0,0,1,0
6.41181827,12,12,0,0,1,0
6.50727771,16,3,0,0,1,0
6.09807428,11,8,0,0,1,0
6.18414889,13,6,0,0,1,0
6.56526497,18,8,0,0,0,0
6.8596149,12,14,0,0,0,0
6.1737861,11,8,0,0,0,0
6.2146081,13,8,0,0,1,0
6.12468339,16,4,0,1,1,0
6.58063914,18,0,0,0,0,1
6.5971457,12,6,0,0,0,1
5.79909265,12,15,0,0,0,1
6.01615716,12,9,0,0,0,1
6.18620862,12,9,0,0,0,1
6.86901445,18,7,0,1,1,1
5.88332239,16,2,0,0,0,1
5.79909265,12,6,0,0,0,0
6.43775165,12,10,0,0,0,0
6.20455776,12,8,0,0,0,0
6.48157713,12,11,0,0,0,0
6.58202514,12,9,0,0,0,0
6.55677836,12,7,0,0,0,0
6.24222327,9,14,0,0,0,0
6.43775165,12,13,0,0,1,0
6.43294009,18,5,0,0,0,0
6.05678401,15,5,0,0,1,0
6.48157713,12,11,0,0,0,0
6.46614472,12,12,0,0,0,0
6.35437004,12,16,0,0,1,0
5.74620319,13,15,0,1,0,0
6.49828215,18,0,0,0,0,0
6.31896811,13,13,0,0,0,0
5.70378247,18,0,0,0,1,0
6.4645883,15,7,0,0,0,0
6.50279005,14,8,0,0,1,0
7.18538702,18,4,0,0,1,0
6.22257627,12,6,0,0,1,0
6.66057515,16,3,0,0,1,0
6.70563909,14,5,0,0,1,0
6.25382881,12,10,0,0,0,0
6.35784227,12,9,0,0,0,0
5.92692603,11,8,0,0,0,0
6.2146081,12,6,0,0,0,0
6.43775165,16,6,0,0,1,0
6.52795792,16,12,0,0,0,0
6.15273269,14,6,0,0,0,0
6.44254017,13,8,0,0,0,0
6.26339826,13,5,0,0,0,0
6.31716469,12,14,0,0,0,0
6.46302946,16,3,0,0,1,1
6.24027585,13,15,0,0,1,1
6.4035742,12,9,0,0,1,1
6.55108034,13,14,0,0,1,1
6.40687999,12,15,0,0,1,1
6.92853782,12,15,0,0,1,1
6.57088296,12,13,0,0,1,1
6.2146081,12,10,0,0,1,1
6.36818719,12,10,0,0,1,1
6.55961524,12,13,0,0,1,1
6.25382881,16,8,0,0,0,1
6.48616079,16,7,0,0,1,1
6.52795792,16,6,0,0,1,1
5.62040087,13,6,0,0,1,1
6.56103067,13,15,1,0,1,1
6.66949809,12,16,0,0,1,1
7.18462915,18,7,0,0,1,1
6.00141488,14,8,0,0,1,1
5.70378247,16,3,0,0,1,1
6.51174533,12,8,0,0,1,1
6.58202514,12,16,0,0,1,1
6.64509097,16,4,0,0,0,1
6.63331843,16,8,0,0,0,1
6.07304453,18,6,0,0,0,1
7.08338785,13,15,0,0,0,1
6.13556489,17,8,0,0,0,1
5.91350301,12,6,0,0,0,1
6.1633148,12,12,0,0,0,1
6.07534603,12,10,0,0,0,1
5.80513497,12,8,0,0,0,1
6.46146818,16,9,0,0,1,1
6.22455843,12,16,0,0,0,1
6.43775165,16,7,0,0,0,1
6.13556489,12,13,0,0,0,1
6.70563909,17,4,0,1,1,1
6.07073773,17,1,0,0,1,1
6.46302946,14,5,0,0,1,1
5.4161004,15,4,0,0,0,1
6.58063914,15,13,1,0,1,1
6.58202514,16,4,0,0,1,1
6.70563909,16,7,0,0,1,1
6.49828215,16,5,0,0,1,1
6.79905586,18,4,0,0,1,1
6.67582322,11,17,0,0,1,1
6.28971557,15,10,0,0,1,1
6.79905586,11,10,0,0,1,1
6.58063914,15,9,0,0,1,1
6.82979374,13,5,0,0,1,1
6.23048145,12,10,0,0,1,1
6.83410874,16,10,0,0,1,1
6.5581978,17,10,0,0,1,1
6.76272951,12,12,0,0,1,1
6.25382881,16,2,0,0,1,1
6.03308622,12,6,0,0,1,1
5.58349631,15,5,0,0,1,1
6.43775165,15,3,0,0,1,1
6.84587988,12,13,0,0,1,1
6.64118217,16,3,0,0,1,1
6.68586095,9,14,0,0,1,1
6.56103067,15,7,0,0,1,1
6.52795792,12,12,0,0,1,1
6.03308622,16,4,0,0,1,1
6.39692966,18,5,0,0,1,1
6.52502966,15,4,0,0,1,1
6.82219739,18,7,0,0,0,1
6.60394382,12,14,0,0,1,1
7.06219163,12,10,0,0,1,1
6.63987583,11,12,0,0,1,1
6.86901445,12,8,0,0,1,1
5.70378247,18,3,0,0,1,1
6.48920493,16,2,0,0,1,1
6.13556489,12,8,0,0,1,1
6.58063914,12,6,0,0,1,1
6.76272951,12,7,0,0,1,1
6.39024067,11,7,0,0,1,1
6.81234509,12,14,0,0,1,1
6.95559261,12,11,0,0,1,1
6.12029742,13,15,0,1,1,1
6.51471269,12,9,1,1,0,1
6.58063914,12,6,1,0,1,1
6.39692966,7,20,1,0,1,1
6.82979374,12,10,1,0,1,1
6.62007321,12,10,0,0,1,1
6.33327963,12,10,0,0,1,1
6.43775165,14,6,0,0,1,1
5.70378247,10,13,0,0,0,1
7.22983878,12,9,0,0,0,1
6.15273269,14,5,0,0,1,1
6.66949809,12,10,0,0,1,1
5.43807931,16,3,0,0,1,1
5.96357934,10,11,0,0,0,0
5.75257264,12,15,0,0,1,0
5.87211779,17,6,0,0,1,0
6.2146081,8,12,0,0,1,0
6.47697236,11,16,0,0,0,0
6.70318811,12,9,0,0,1,0
6.47543272,13,7,0,0,0,0
6.07534603,12,11,0,0,1,0
6.39692966,11,10,0,0,0,0
5.32787617,13,7,0,1,1,0
6.17586727,12,9,0,1,1,0
6.18414889,13,5,0,1,1,0
6.63200178,18,5,0,0,1,0
6.90274274,12,8,0,0,1,0
7.06219163,12,11,0,0,1,1
5.74939299,16,3,0,0,1,1
6.81892407,13,6,0,0,1,1
6.49828215,13,7,0,0,1,1
6.6631327,12,11,0,0,1,1
6.47697236,13,13,0,0,1,1
5.58724866,9,12,0,1,1,1
5.87211779,8,19,0,0,0,1
6.08677473,8,19,0,0,0,1
6.1633148,11,13,0,0,1,1
6.58755001,11,15,0,0,1,1
6.58063914,16,6,0,0,1,1
6.33327963,12,16,0,0,1,1
6.39692966,12,8,0,0,1,1
6.53958596,15,4,0,0,1,1
6.04737218,15,7,0,0,1,1
6.66695679,12,6,0,0,1,1
7.09174212,12,13,0,0,1,1
6.35784227,16,12,0,0,1,1
6.453625,18,3,0,0,0,1
6.01615716,12,9,0,0,1,1
5.91350301,16,2,0,0,1,1
6.67076632,16,4,0,0,1,1
6.10924758,17,1,0,0,1,1
7.13169851,12,10,0,0,1,1
6.69456206,16,8,0,0,1,1
5.73009978,16,8,0,0,1,1
6.70563909,12,12,0,0,0,1
6.51174533,16,8,0,0,1,1
6.26149168,12,11,0,0,0,1
5.6167711,15,9,0,0,0,1
6.04737218,17,5,0,0,0,1
6.46302946,16,6,0,0,1,1
6.10924758,12,10,0,0,0,1
5.80814249,12,8,0,0,0,1
6.81673588,12,14,0,0,0,1
4.85203026,11,10,0,0,0,1
5.98141421,16,5,0,0,0,1
6.1633148,13,9,0,0,1,1
6.10924758,13,12,0,0,0,1
5.70378247,16,2,0,0,0,1
6.13556489,18,5,0,0,1,1
6.44571982,12,14,0,0,0,1
6.18414889,12,15,0,0,0,1
6.30809844,12,12,0,0,0,1
5.91889385,12,7,0,0,0,1
6.46302946,12,16,0,0,0,1
6.25190388,12,11,0,0,1,1
5.95324333,9,11,0,0,0,1
6.10924758,16,7,0,1,1,1
5.75257264,12,8,0,0,0,0
6.59441346,14,9,0,0,0,0
5.78382518,12,14,0,0,0,0
6.42324696,16,6,0,0,1,0
5.84643878,15,9,0,0,1,0
6.15485809,13,9,0,0,1,0
5.70378247,12,9,0,0,0,0
6.06378521,13,5,0,0,1,1
5.58724866,12,10,1,0,1,1
5.43807931,12,10,0,0,1,1
6.06842559,14,4,0,0,1,1
6.27476202,12,8,0,0,1,1
7.00306546,12,9,0,0,1,1
6.37672695,12,10,1,0,1,1
6.73459166,18,6,0,0,0,1
6.46302946,15,3,0,0,1,1
6.86901445,14,14,0,0,1,1
6.82546004,13,14,0,0,1,1
5.85793315,15,6,0,0,0,0
5.95324333,16,2,0,0,0,0
6.42648846,16,11,0,0,0,0
6.15273269,13,12,0,0,1,0
6.01859321,12,9,0,0,0,0
5.99146455,12,7,0,0,0,0
6.55108034,11,16,0,0,1,0
5.73979291,15,6,0,0,1,0
5.49306144,14,4,0,1,0,0
5.51342875,12,14,1,1,1,0
6.04737218,11,13,1,0,1,0
6.39692966,11,16,1,0,1,0
6.55108034,17,2,1,0,1,0
5.70378247,12,6,0,0,1,0
6.53813982,12,6,0,0,1,0
6.39692966,12,12,0,0,1,0
6.55108034,12,12,0,0,1,0
5.6167711,14,5,0,0,0,0
6.51471269,9,19,1,0,1,0
6.10702289,17,5,0,0,1,0
6.453625,16,8,0,0,1,0
7.13089883,14,9,0,0,0,0
6.86901445,18,5,0,0,1,0
6.19440539,18,1,0,0,0,0
6.37331979,12,6,0,0,0,0
6.62007321,14,13,0,0,0,0
5.78689738,18,2,0,0,0,0
6.06378521,18,5,0,0,1,0
6.34738921,12,8,0,0,1,0
6.81673588,16,6,0,0,0,0
6.35784227,14,10,0,0,0,0
6.07073773,11,15,0,0,0,0
6.22455843,12,6,0,0,0,0
6.58063914,18,10,0,0,0,1
6.86901445,16,11,0,0,1,1
6.41181827,12,13,0,0,1,1
6.10924758,12,7,0,0,0,1
6.43775165,12,15,0,0,0,0
6.56948142,14,6,0,0,0,0
6.56526497,12,6,0,0,0,0
6.81673588,16,10,0,0,1,0
6.03548143,8,10,0,0,0,0
6.53958596,13,10,0,0,0,0
5.56068163,12,16,0,0,1,0
6.47697236,13,7,0,0,1,0
6.41345896,14,5,0,0,1,0
6.58755001,12,11,0,0,1,0
6.6424868,13,13,0,0,1,0
6.42971948,12,9,0,0,0,0
6.58063914,16,5,0,0,1,0
6.24610677,18,2,0,0,1,0
5.99146455,12,7,0,0,0,0
6.69456206,14,7,0,1,1,0
6.13122649,12,6,0,0,0,0
6.4645883,17,9,0,0,0,0
6.25190388,12,10,0,0,0,0
6.34212142,12,6,0,0,1,0
6.54103,16,2,0,0,0,0
6.88550967,12,13,0,0,1,0
6.65801105,12,14,0,0,0,0
6.09356977,14,7,0,0,1,0
6.53958596,16,11,0,0,1,0
6.03308622,16,4,0,0,0,0
6.65027905,11,13,0,0,1,0
5.99146455,15,5,0,0,1,0
6.80239476,12,9,0,0,1,0
6.55108034,16,9,0,0,0,0
6.18414889,16,2,0,0,0,0
6.79570578,16,7,0,0,1,0
6.62007321,18,5,0,0,1,0
6.96129605,13,14,0,0,0,0
6.8384052,12,10,0,0,0,0
6.34212142,12,8,0,0,0,0
6.89467004,16,3,0,0,1,0
6.64509097,16,2,0,0,1,0
6.4738907,12,9,0,0,0,0
6.10702289,16,8,0,0,0,0
6.3630281,12,9,0,0,0,0
6.30991828,8,19,0,0,0,0
6.68461173,12,11,0,0,1,0
5.07517382,12,6,0,0,1,0
6.13556489,17,5,0,0,1,0
6.05208917,14,5,0,0,1,0
6.39692966,8,18,0,0,1,0
6.76388491,17,3,0,0,1,0
6.52649486,12,10,0,0,1,0
7.01660968,12,9,0,0,1,0
7.00306546,12,8,0,0,1,0
5.65599181,12,6,0,0,0,0
6.24027585,14,8,0,0,1,0
6.47697236,13,7,0,0,1,0
6.94601399,12,13,0,0,1,0
6.55108034,12,8,0,0,1,0
5.75257264,18,7,0,0,1,1
5.7365723,12,15,0,0,0,1
5.81413053,11,10,0,0,0,1
6.24997524,11,8,0,0,0,1
6.56385553,16,6,0,0,1,1
6.43454652,12,7,0,0,0,1
5.69709349,13,9,0,0,0,1
6.43775165,14,4,0,0,1,1
6.64509097,16,7,0,0,1,1
6.12905021,16,6,0,0,1,1
6.30991828,12,13,0,0,0,1
6.15273269,14,9,0,0,0,1
5.98141421,12,15,0,0,0,1
6.38687932,14,5,0,0,0,1
6.94601399,16,6,0,0,0,1
5.99146455,12,16,0,0,1,1
6.5482191,12,8,0,0,0,1
6.56948142,16,4,0,1,0,1
6.30991828,12,6,0,0,0,1
5.80814249,14,7,0,0,0,1
6.96413561,12,11,0,0,1,1
6.38012254,11,13,0,0,1,1
6.45047042,12,6,0,0,1,1
6.2146081,10,10,0,0,1,1
6.66949809,14,8,0,0,1,1
6.72383244,18,7,0,0,1,1
6.28971557,12,8,0,0,1,1
6.35784227,18,4,0,0,1,1
6.69456206,14,10,0,0,1,1
6.58202514,14,10,0,0,1,1
6.39692966,12,8,0,1,1,1
6.11368218,10,12,0,1,1,1
5.70378247,7,14,0,1,1,1
5.97380961,12,8,1,1,1,1
5.29831737,12,8,1,1,1,1
6.62007321,9,18,0,1,0,1
6.51174533,16,4,0,1,0,1
6.89669433,14,10,0,1,1,1
6.77992191,17,4,0,1,1,1
6.80793494,13,7,0,1,0,1
5.52146092,14,14,1,1,1,1
6.25382881,10,12,0,1,1,1
5.87493073,12,9,0,1,1,1
5.62762111,12,6,0,1,1,1
5.99146455,12,7,1,1,1,1
5.6094718,10,12,1,1,1,1
6.2146081,11,14,0,1,1,1
6.4019172,11,16,0,1,1,1
5.99146455,12,7,0,1,1,1
6.1633148,12,10,1,1,1,1
7.00306546,12,15,0,1,1,1
5.82008293,14,6,0,1,1,1
6.28785856,11,10,0,1,1,1
6.00141488,13,7,1,1,1,1
6.62936325,16,5,0,1,1,1
6.31716469,16,11,0,1,1,1
6.35784227,16,7,0,1,1,1
6.06842559,15,5,0,1,1,1
6.30991828,11,12,0,1,1,1
6.68085468,16,2,0,1,1,1
6.10924758,14,7,0,1,1,1
6.69332367,13,10,0,1,1,1
6.39692966,13,5,0,1,1,1
6.8384052,13,15,0,1,1,1
6.17586727,11,16,0,1,0,1
6.43454652,12,11,0,1,1,1
5.79301361,10,11,1,1,1,1
6.39692966,16,4,0,1,1,1
6.54103,14,7,1,1,1,1
6.82762923,15,12,0,1,1,1
6.58063914,12,10,0,1,1,1
6.29156914,12,7,1,1,1,1
6.12905021,13,8,1,1,1,1
6.18414889,13,8,1,1,1,1
5.85793315,12,7,1,1,1,1
5.29831737,16,3,0,1,1,1
6.25382881,10,14,1,1,1,1
5.52146092,12,7,1,1,1,1
6.22257627,11,11,1,0,1,1
5.89440283,12,10,1,1,1,1
6.48310735,11,16,1,1,1,1
6.05208917,12,14,1,1,1,1
5.50125821,12,13,1,1,1,1
5.52146092,11,8,1,1,1,1
6.7787849,13,13,0,0,1,1
6.53233429,12,8,1,1,1,1
5.99645209,11,15,1,1,1,1
6.0591232,12,13,1,1,1,1
5.78382518,13,5,0,1,1,1
6.58617165,17,4,0,1,1,1
6.65929392,12,7,0,1,1,1
5.5759491,14,7,1,1,1,1
6.10924758,12,14,1,1,1,1
5.84643878,14,7,1,1,1,1
5.85793315,13,5,1,1,1,1
5.99146455,13,5,1,1,1,1
6.88755257,12,14,0,1,1,1
5.95324333,12,11,1,1,1,1
5.84064166,17,5,1,0,1,1
6.33327963,16,3,1,1,1,1
6.13772705,7,16,0,1,1,1
6.33682573,12,10,1,1,1,1
6.45833828,12,9,1,1,1,1
6.13556489,10,14,1,1,1,1
6.50727771,13,8,1,1,1,1
6.00141488,13,5,1,1,1,1
5.92157842,17,2,1,1,1,1
5.43807931,12,6,1,1,1,1
6.32435896,12,14,1,1,1,1
5.70378247,8,15,1,1,1,1
6.81673588,14,9,0,1,1,1
6.32435896,18,3,0,1,1,1
6.27098843,13,14,0,1,1,1
5.79909265,15,5,0,1,1,1
5.92692603,9,11,0,1,1,1
6.42162227,13,5,0,1,1,1
6.58063914,14,7,0,1,0,1
6.27098843,16,3,0,0,1,1
6.75576892,12,16,1,1,1,1
6.47543272,14,7,1,1,1,1
5.47227067,10,8,1,1,1,1
5.6167711,12,16,1,1,1,1
5.78382518,14,6,1,1,1,1
5.87773578,14,9,1,0,1,1
5.95324333,12,12,1,1,1,1
5.89989735,14,4,0,1,1,1
6.68461173,8,19,0,1,1,1
6.17794411,12,16,0,1,1,1
6.86171134,17,6,0,1,1,1
6.13556489,17,3,0,1,1,1
6.03308622,16,6,0,1,0,1
5.66988092,10,9,0,1,1,1
5.48063892,12,6,0,1,1,1
6.72022016,12,13,1,1,1,1
5.88887796,12,14,0,1,1,1
6.39359075,16,6,0,1,0,1
6.62007321,13,6,0,1,1,1
5.95324333,16,3,1,1,1,1
6.42971948,16,6,1,1,1,1
6.46302946,13,15,0,1,1,1
6.1484683,16,4,1,1,1,1
5.95324333,13,5,1,1,1,1
6.13556489,12,7,1,1,1,1
6.453625,12,9,0,1,1,1
5.99146455,12,8,0,0,0,1
6.63331843,13,8,0,1,1,1
6.32793678,13,8,0,1,1,1
6.90775528,12,16,0,1,1,1
6.05208917,11,11,0,1,1,1
6.01859321,12,12,1,1,1,1
5.18738581,11,8,0,1,1,1
5.92692603,18,8,0,1,1,1
7.1685799,18,4,0,1,1,1
6.16541785,15,9,1,0,1,1
6.65286303,16,5,0,1,1,1
6.57088296,12,9,0,1,1,1
6.06145692,10,12,1,1,1,1
6.07534603,13,5,1,1,1,1
6.77422389,13,7,0,1,1,1
6.04973346,14,13,1,1,1,1
5.92692603,12,7,1,1,1,1
6.19236249,12,7,1,1,1,1
6.13556489,15,3,1,1,1,1
5.82894562,12,16,1,1,1,1
6.36475076,12,12,0,1,1,1
6.2441669,12,9,0,1,1,1
6.95939851,12,7,0,1,1,1
6.1633148,12,12,1,1,1,1
7.31455283,18,8,0,1,1,1
6.86901445,15,12,0,0,1,1
5.43807931,15,9,1,1,1,1
6.62007321,18,5,1,1,1,1
5.4161004,15,5,1,1,1,1
5.80211838,13,7,1,1,1,1
5.98393628,11,9,1,1,1,1
6.62007321,10,18,0,1,1,1
6.10924758,12,7,0,1,1,1
6.76272951,13,6,1,1,1,1
6.28226675,8,10,0,1,1,1
6.74051936,16,5,0,0,1,1
6.63200178,16,4,0,0,1,1
6.39692966,16,2,0,1,1,1
6.93731408,12,16,0,1,1,1
6.77536609,14,12,0,1,1,1
6.34212142,12,14,0,1,1,1
6.27852142,16,3,0,1,1,1
6.17586727,12,7,0,1,1,1
6.4035742,12,10,1,1,1,1
6.48768402,12,9,0,1,1,1
6.43775165,12,13,0,1,1,1
5.6347896,12,11,1,1,1,1
6.2146081,10,12,0,1,1,1
6.28226675,12,8,0,1,1,1
6.70686234,10,10,0,1,1,1
6.43615037,10,18,0,1,1,1
6.4035742,10,12,0,1,1,1
6.22455843,12,13,0,0,1,1
6.62007321,12,12,0,0,1,1
6.58063914,12,14,0,0,1,1
6.51323011,18,8,0,0,1,1
6.81673588,16,11,0,1,1,1
6.7787849,17,7,1,1,1,1
6.05678401,12,8,1,1,1,1
6.67456139,8,10,1,1,1,1
5.78996017,14,9,1,1,1,1
5.74620319,10,14,1,1,1,1
6.66695679,16,12,1,0,1,1
5.82008293,18,7,0,0,1,1
5.95324333,10,14,1,1,1,1
6.27098843,16,5,1,1,1,1
6.06145692,10,17,1,1,0,1
6.8916259,12,9,0,0,0,1
6.70563909,12,16,0,1,1,1
6.61338422,14,12,1,1,1,1
5.84354442,10,8,1,1,1,1
6.31716469,14,14,1,1,1,1
5.57215403,13,5,1,1,1,1
6.61338422,18,8,1,1,1,1
6.51174533,17,6,1,1,1,1
6.58063914,17,9,1,1,1,1
6.08221891,13,11,1,1,1,1
6.30078579,12,8,1,1,1,0
5.52146092,14,5,1,1,1,0
6.43615037,14,7,1,1,1,0
5.99146455,13,10,0,1,1,0
6.35784227,16,7,0,1,1,0
6.70073111,16,3,1,1,1,0
6.43775165,12,16,1,1,1,0
6.18414889,14,6,1,1,1,0
6.73459166,16,6,0,1,1,0
6.76272951,16,5,0,1,1,0
5.78382518,16,4,0,1,1,0
6.16751649,14,6,1,1,1,0
5.52146092,16,3,1,1,1,0
6.2146081,12,6,0,1,1,0
6.2441669,13,6,0,1,1,0
5.54517744,18,4,0,1,1,0
6.57646957,13,5,0,1,1,0
6.67959919,18,6,0,0,1,0
6.62007321,12,7,0,1,1,0
6.03787092,12,6,1,1,1,0
6.06610809,12,8,1,1,1,0
6.05208917,12,7,1,0,1,0
5.39362755,12,13,1,1,1,0
6.52941884,13,10,1,1,1,0
6.2146081,15,13,0,1,1,0
6.31173481,16,4,0,1,1,0
6.55108034,11,8,0,1,1,0
6.56103067,12,14,0,1,1,1
6.25958146,17,5,0,1,1,1
6.07073773,12,6,0,1,1,1
6.13556489,14,5,0,1,1,1
5.98393628,12,6,0,1,1,1
5.99146455,15,5,0,1,1,1
6.77078942,18,4,0,0,1,1
5.9348942,12,8,0,1,1,1
5.89715387,12,9,0,1,1,1
6.86901445,15,10,0,1,1,1
6.68586095,15,9,0,1,1,1
5.99146455,5,21,0,1,1,1
6.29156914,13,10,1,1,1,1
6.10924758,10,14,0,1,1,1
6.08221891,15,6,1,1,1,1
5.88610403,12,8,1,1,1,1
6.27098843,12,9,0,1,1,1
6.58063914,12,8,1,1,1,1
5.84354442,2,23,0,1,1,1
6.95844839,11,10,0,0,1,1
6.58755001,16,6,0,1,1,1
6.29710932,12,15,1,0,1,1
7.09174212,16,11,0,0,1,1
5.99146455,16,2,0,1,1,1
5.92692603,9,17,1,1,1,1
5.63835467,11,13,1,1,1,1
4.84418709,12,6,1,1,1,1
7.23921497,12,14,1,0,1,1
6.47543272,12,12,0,1,0,1
6.04025471,16,9,0,1,1,1
6.12029742,16,5,0,1,1,1
6.49375384,12,7,1,1,1,1
5.94017125,12,6,0,1,0,1
5.75257264,10,18,1,1,1,1
6.11368218,14,4,0,1,1,1
6.43775165,12,10,0,1,1,1
6.39859493,14,4,0,1,1,1
6.2126061,13,8,0,1,1,1
6.54103,8,17,0,1,1,0
6.28226675,18,8,0,1,0,1
6.14203741,7,13,0,0,1,1
5.99146455,12,6,0,1,0,1
5.90808294,18,3,0,1,0,1
6.55108034,8,11,0,1,0,1
6.86901445,16,9,0,0,1,1
5.89989735,6,12,0,1,0,1
6.1633148,9,18,0,1,0,1
5.29831737,12,6,0,1,0,1
6.39692966,9,9,1,0,1,1
6.22455843,12,9,1,0,1,1
6.35784227,16,9,1,1,1,1
6.12468339,12,6,1,1,0,1
6.62007321,12,16,0,1,1,1
6.35784227,11,15,0,1,0,1
5.66642669,15,3,0,1,1,1
5.41164605,12,7,1,1,1,1
5.89440283,10,8,1,1,1,1
5.433722,10,10,1,1,1,1
5.45532112,9,11,1,1,1,1
6.14203741,14,4,1,1,1,1
7.64156444,16,5,0,1,1,1
6.05678401,15,10,1,1,1,1
6.51914729,12,15,0,1,1,1
5.74620319,13,8,0,1,0,1
6.39859493,18,4,0,1,1,1
6.2146081,10,17,0,1,1,1
5.92692603,12,10,0,1,1,1
6.30991828,12,16,1,1,1,1
6.5539334,17,5,1,0,1,1
6.43775165,16,11,1,1,1,1
6.04737218,14,14,1,1,1,1
5.87211779,11,11,1,1,1,1
6.25190388,12,8,0,1,1,1
5.88332239,14,4,0,1,1,1
5.85507192,11,10,1,1,1,1
5.68017261,12,13,1,1,1,1
6.09356977,18,4,1,1,1,1
5.59842196,6,22,1,1,1,1
5.95324333,14,8,0,1,1,1
6.08221891,12,9,0,1,1,1
6.03308622,11,13,0,1,1,1
6.17586727,11,14,0,1,1,1
6.39024067,16,8,0,1,1,1
6.39692966,12,10,1,1,1,1
5.52146092,14,7,1,1,1,1
6.27476202,12,13,1,1,1,1
6.38181602,12,8,1,1,1,1
6.22059017,12,15,1,0,1,1
6.1633148,11,8,1,0,1,1
7.22548147,16,9,0,1,1,1
5.78382518,17,1,0,0,1,1
6.35784227,14,5,0,1,1,1
6.5539334,12,7,0,0,1,1
6.09582456,16,3,0,1,1,1
6.32793678,13,8,1,1,1,1
6.86901445,13,13,0,1,1,1
5.7365723,12,8,0,1,1,1
7.14598447,17,10,0,1,1,1
6.2146081,16,6,0,0,1,1
6.36818719,16,8,0,0,1,1
4.71849887,17,2,0,0,1,1
6.51174533,14,13,0,0,1,1
7.56164175,17,6,0,1,1,1
5.99146455,14,4,1,1,1,1
6.13122649,12,7,1,1,1,1
5.50125821,12,12,1,1,1,1
5.75257264,16,5,1,1,1,1
6.46302946,14,6,0,1,1,1
6.62007321,12,7,0,1,1,1
5.73009978,17,2,0,0,1,1
5.85793315,17,6,0,0,1,1
6.13556489,18,3,0,0,1,1
7.05098945,15,13,0,0,1,1
7.46622756,16,12,0,1,1,1
6.64509097,17,10,0,0,1,1
6.59304453,15,8,0,0,1,1
6.60123012,18,6,0,1,0,1
6.2146081,16,3,0,1,0,1
5.89989735,16,2,0,1,0,1
5.80814249,13,5,0,1,1,1
6.58063914,12,15,0,1,0,1
5.92692603,12,9,0,1,0,1
5.52146092,12,8,0,1,0,1
5.88887796,17,7,0,1,0,1
5.6454469,7,19,0,1,0,0
6.02827852,12,16,0,1,0,0
6.25766759,16,5,0,1,0,0
6.55961524,12,15,0,1,0,0
6.01371516,16,4,0,1,0,0
6.03068526,12,6,0,1,0,0
6.66695679,12,12,0,0,1,0
6.35784227,16,5,0,1,0,0
6.16961073,16,2,0,1,0,0
6.43775165,17,4,0,1,1,0
6.22455843,17,1,0,1,0,0
5.65948222,12,14,0,1,0,0
6.2146081,12,6,0,1,1,0
6.2146081,8,13,0,1,1,0
5.85793315,12,9,0,1,0,0
6.13556489,13,5,0,1,0,0
6.30627529,13,11,1,1,0,0
5.54126355,12,10,1,1,0,0
6.26149168,13,5,1,1,1,0
5.6767538,12,15,1,1,0,0
5.92692603,14,8,0,1,1,0
6.27098843,18,8,0,1,1,0
6.81234509,16,3,0,1,0,0
5.86646806,9,13,0,1,1,0
7.05185562,14,8,0,1,1,0
5.52146092,8,20,0,1,1,0
6.66057515,13,9,0,1,1,0
6.03068526,13,12,0,1,1,0
5.89715387,13,10,1,1,0,1
5.92692603,13,8,1,1,1,1
5.92692603,15,3,1,1,0,1
5.88053299,16,6,1,1,0,1
5.70378247,7,18,1,1,0,1
6.26909628,14,5,0,1,0,1
5.70044357,12,16,0,1,0,1
6.10924758,8,18,1,1,0,1
6.29156914,14,5,1,1,0,1
6.26909628,8,15,0,1,0,1
6.64509097,12,12,0,1,0,1
5.28826703,12,8,1,0,1,1
5.99146455,12,6,1,0,1,1
6.62406523,12,10,1,0,1,1
6.09807428,12,6,1,0,1,1
5.48063892,9,15,1,1,0,1
5.11799381,3,16,1,1,0,1
6.09807428,12,6,0,1,1,1
5.52146092,10,10,1,1,0,1
6.1633148,12,8,0,1,0,1
5.99146455,16,6,0,1,0,1
5.98645201,18,0,0,1,0,1
5.85793315,12,7,1,0,1,1
6.25958146,12,15,1,1,0,1
5.59842196,10,15,1,1,0,1
5.7365723,9,15,1,1,0,1
5.70378247,6,19,1,1,0,1
5.78382518,12,10,1,1,0,1
6.80239476,12,6,0,1,1,1
6.62007321,13,7,0,1,1,0
5.65248918,8,12,1,1,1,0
5.62762111,12,6,0,1,1,0
6.2146081,13,10,1,1,1,0
6.55108034,8,16,0,1,1,0
5.70378247,9,11,0,1,1,0
5.97126184,8,20,0,1,1,0
6.23636959,12,16,0,1,1,0
6.43615037,16,9,0,1,1,0
5.49716823,12,9,1,1,1,0
5.89440283,12,9,0,1,1,0
6.40687999,16,5,0,1,1,0
6.63331843,12,7,0,1,1,0
5.95324333,14,11,0,1,1,0
6.20455776,12,14,1,1,1,0
6.71901315,16,5,0,1,1,0
6.00141488,12,7,0,1,1,0
5.58724866,15,6,0,1,0,0
6.08677473,12,16,0,1,0,0
5.92692603,14,8,0,1,0,0
5.70711026,10,8,0,1,0,0
6.48920493,12,16,0,1,0,0
6.24222327,15,3,1,0,1,0
5.70378247,12,8,1,1,0,0
5.43807931,12,8,1,1,0,0
5.56068163,10,15,1,1,0,0
5.72031178,12,6,1,1,0,0
6.06378521,8,17,1,1,0,0
5.56068163,8,10,1,1,0,0
6.35784227,16,2,0,1,1,0
6.05208917,11,12,1,1,0,0
5.75257264,12,7,1,1,0,0
5.92692603,13,10,0,1,0,0
6.2146081,9,18,1,1,0,0
6.2146081,12,7,0,1,1,0
5.85793315,12,14,1,1,1,0
6.26339826,10,13,1,1,1,0
6.2146081,17,3,0,1,0,0
5.95324333,16,3,0,1,1,0
4.60517019,9,10,1,1,1,1
5.70378247,15,5,1,1,1,1
5.23644196,12,6,1,1,1,1
5.87211779,8,19,1,1,1,1
5.58724866,12,7,1,1,1,1
5.58724866,12,10,1,1,1,1
6.37331979,12,16,0,1,1,1
5.92692603,12,6,1,1,0,1
5.84643878,12,13,1,1,0,1
6.30078579,16,6,0,1,1,1
6.33150185,14,5,0,1,1,1
6.35784227,12,8,0,0,1,1
6.79122146,15,5,0,0,1,1
6.43775165,13,7,0,1,0,1
6.03068526,13,7,0,1,0,1
6.52649486,6,19,0,1,0,1
6.43775165,11,13,1,1,1,0
5.7365723,9,12,1,1,1,0
6.49828215,12,10,1,1,1,0
5.65599181,11,15,0,1,1,0
6.39692966,12,8,1,1,1,0
6.60934924,16,7,1,0,1,0
5.4161004,11,10,1,1,1,0
6.43454652,12,16,0,1,1,0
6.4019172,12,6,0,1,1,0
6.30991828,12,11,0,1,1,0
6.68586095,16,5,0,1,0,0
5.79909265,14,10,0,1,1,1
6.52795792,16,12,0,1,1,1
6.90775528,15,8,0,0,1,1
6.99484999,16,8,0,1,1,1
6.16541785,13,5,1,1,1,1
6.2146081,12,6,1,1,1,1
6.85646198,14,5,1,1,1,1
7.04053639,18,6,1,1,1,1
6.10924758,12,14,1,1,1,1
6.10479323,12,7,0,1,1,1
5.88887796,16,5,0,1,1,1
6.28226675,13,5,0,1,1,1
6.42324696,17,2,0,1,1,1
6.19440539,14,4,0,1,1,1
6.02827852,12,8,0,1,1,1
5.52146092,13,5,1,1,1,0
6.2146081,13,9,0,1,0,0
7.05185562,18,4,0,1,1,0
6.26339826,12,14,0,1,0,0
5.70378247,11,7,0,1,1,0
5.73009978,9,11,0,1,0,0
6.43775165,8,15,0,1,0,0
5.85793315,13,5,0,1,1,0
6.51174533,16,8,0,1,0,0
6.32435896,13,9,0,1,0,0
5.86078622,12,10,1,1,0,0
6.58340922,12,10,1,0,1,0
6.34388043,15,6,1,1,0,0
5.48063892,11,8,1,1,1,0
6.10924758,8,18,0,1,0,0
5.8230459,11,16,1,1,0,0
5.66296048,10,13,1,1,0,0
6.02344759,17,1,0,1,0,1
6.74288064,12,11,0,1,0,1
6.77308038,16,10,0,1,0,1
5.68697536,11,12,1,1,0,1
5.70378247,8,12,1,1,0,1
5.66642669,16,4,1,1,1,1
5.69709349,9,14,1,1,0,1
5.88887796,5,21,1,1,0,1
7.00033446,12,12,1,0,1,1
6.14203741,16,11,1,0,1,1
5.57972983,14,7,1,1,0,1
6.73221071,16,8,0,1,1,1
6.35784227,16,9,0,1,0,1
5.4161004,10,11,1,1,0,1
5.45958551,12,7,1,1,0,1
5.52146092,12,8,1,1,1,1
5.27811466,12,10,0,1,0,1
6.1633148,12,14,1,1,0,1
6.2146081,11,9,0,1,0,1
5.81114099,8,15,1,1,0,1
6.1180972,10,11,1,1,0,1
6.85118493,16,3,0,1,1,1
5.67332327,13,5,0,1,0,1
6.25382881,16,5,0,1,0,1
6.16120732,15,7,0,1,0,1
5.69035945,8,18,0,1,0,1
6.04025471,12,15,0,1,1,1
6.25190388,12,8,0,1,0,1
5.75574221,12,14,0,1,0,1
5.92692603,12,10,0,1,0,1
6.30991828,13,6,1,1,0,1
6.85012617,8,19,0,1,0,1
6.1633148,16,5,0,1,1,1
5.97380961,16,5,0,1,1,1
6.62007321,11,7,0,1,1,1
6.19847872,13,9,0,1,1,1
6.2146081,12,10,1,1,1,1
5.59098698,11,7,1,1,1,1
6.1633148,12,15,1,1,1,1
5.89989735,12,13,1,1,1,1
5.63835467,11,9,1,1,1,1
5.52146092,14,4,1,1,1,1
5.57215403,12,15,1,1,1,1
6.91968385,18,5,0,0,1,1
6.72503364,17,5,0,1,1,1
5.74620319,16,2,0,0,1,1
6.86901445,14,12,0,1,1,1
5.84643878,9,14,1,1,1,1
5.70378247,11,8,1,1,1,1
5.92692603,11,15,1,1,1,1
6.2146081,14,4,0,1,1,1
5.84643878,12,7,0,1,1,1
5.7651911,9,19,1,1,1,1
5.99146455,11,9,1,1,1,1
6.30627529,13,8,1,1,1,1
5.43807931,7,12,1,1,1,1
6.03548143,12,8,0,1,0,1
6.26720055,13,10,0,1,1,1
6.76272951,10,17,0,1,1,1
6.25190388,13,15,0,1,1,1
5.81413053,11,12,0,1,1,1
6.76272951,13,14,0,1,1,1
6.25382881,8,13,0,1,0,1
6.75110147,17,4,0,1,1,1
5.75574221,12,6,0,1,0,1
6.72262979,18,9,0,1,1,1
6.77422389,16,9,0,1,1,1
7.22548147,14,13,0,1,1,1
6.11146734,16,12,0,1,1,1
6.52795792,18,10,0,1,0,1
6.07534603,13,9,0,1,1,1
6.81673588,13,13,0,1,1,1
6.75110147,13,14,0,1,0,1
6.39692966,10,18,0,1,1,1
5.54517744,12,10,1,1,1,1
5.92692603,12,11,1,1,1,1
6.08904488,16,5,1,1,1,1
6.00388707,13,6,1,1,1,1
6.01615716,12,14,1,1,1,1
5.70378247,15,6,0,1,1,1
6.54103,16,4,0,1,1,1
6.91968385,18,6,0,0,1,1
6.11368218,15,5,1,1,1,0
5.96100534,12,10,0,1,1,0
6.19847872,18,3,0,1,0,0
5.74620319,5,20,0,1,0,0
6.35784227,14,6,0,1,1,1
5.92692603,12,6,0,1,1,1
6.48463524,12,15,0,0,1,1
6.56385553,16,4,0,1,1,1
6.23636959,14,6,1,1,1,1
6.43775165,12,16,0,1,1,1
6.13122649,14,5,0,1,1,1
6.43775165,14,13,0,1,1,1
6.35437004,12,10,1,1,1,1
6.2146081,12,7,1,1,1,1
6.02586597,13,8,1,0,1,1
6.15485809,13,7,1,0,1,1
6.25382881,12,11,1,1,1,1
6.62007321,13,8,1,0,1,1
6.19440539,12,7,1,1,1,1
6.05208917,18,7,1,0,1,1
6.28226675,12,14,1,1,1,1
6.61338422,13,7,0,1,1,0
5.99146455,12,6,0,1,1,0
5.768321,12,10,0,1,1,0
6.40687999,17,6,0,1,1,0
6.33327963,11,7,0,1,1,0
5.78382518,12,9,1,1,1,0
6.71052311,13,10,0,1,1,0
6.69703425,12,14,0,1,1,0
5.9242558,12,8,0,1,1,0
5.70378247,12,14,0,1,1,0
6.42810527,12,11,0,1,1,1
6.46302946,18,8,0,1,0,1
6.37161185,12,13,0,1,1,1
6.37502482,12,12,0,1,1,1
6.27852142,12,6,1,1,1,1
5.78382518,12,12,1,1,1,1
6.48463524,13,7,1,1,1,1
6.42486902,13,6,1,1,1,1
6.40025745,12,6,1,1,1,1
6.30991828,16,4,1,1,1,1
6.53087763,16,3,1,1,1,1
6.43775165,10,14,1,1,1,1
6.08677473,11,14,1,1,1,1
5.03043792,6,21,1,1,1,1
6.38856141,10,11,1,1,1,1
6.13556489,11,10,1,1,1,1
5.70378247,11,9,1,1,1,1
6.2146081,10,15,1,1,1,1
6.00141488,10,13,1,1,1,1
5.6167711,10,16,1,1,1,1
5.99146455,8,18,1,1,0,1
6.39692966,18,4,0,1,0,1
6.35784227,13,8,0,1,0,1
5.92692603,12,9,0,1,0,1
5.7170277,12,8,0,1,0,1
5.64190707,12,10,1,1,0,1
5.6167711,14,8,1,1,0,1
6.453625,12,7,0,1,0,1
6.56667243,18,1,1,0,1,1
6.86589107,13,9,1,0,1,1
6.46302946,16,7,1,1,0,1
6.09582456,13,5,0,1,0,1
5.45958551,9,19,1,1,1,1
6.1633148,15,4,1,1,1,1
5.52942909,12,8,1,1,0,1
6.453625,14,7,0,1,1,1
5.96614674,13,7,1,1,0,1
6.02344759,9,18,1,1,0,1
5.99146455,11,12,1,0,1,1
5.66296048,8,11,1,1,0,1
5.88610403,12,7,1,1,1,1
6.51174533,12,14,0,1,0,1
5.97380961,10,18,1,1,1,0
6.35784227,16,4,1,1,1,0
5.23644196,11,9,1,1,1,0
5.65248918,5,16,1,1,1,0
5.92692603,9,19,1,1,1,0
6.64639051,17,7,0,1,1,0
6.32435896,17,3,0,0,1,0
7.47477218,18,4,0,0,1,0
6.54391185,12,16,0,1,1,0
6.19236249,10,8,0,0,0,0
6.23244802,12,6,0,1,1,0
6.70686234,12,15,0,1,0,0
5.6167711,7,17,0,1,0,0
6.39692966,12,12,0,1,0,0
6.35784227,13,6,0,1,1,1
5.43807931,14,4,0,1,1,1
6.228511,11,9,0,0,1,1
6.40687999,12,8,0,1,1,1
6.70073111,12,6,0,1,1,1
5.65248918,10,9,0,1,1,1
6.97354302,16,9,0,1,1,1
7.39939808,14,12,0,1,1,1
6.75693239,16,8,0,1,0,1
6.62804138,14,6,0,1,1,1
6.62007321,15,4,0,1,1,1
6.08221891,12,14,0,1,1,1
7.00850518,12,15,0,1,1,1
5.67332327,17,7,1,1,1,1
5.80513497,12,8,1,0,1,1
6.03308622,13,7,0,1,0,1
6.43775165,13,11,0,1,1,1
6.13556489,12,9,0,1,0,1
5.52146092,8,20,0,1,0,1
6.25382881,18,6,0,0,0,1
5.01063529,14,8,0,1,1,1
5.99146455,14,5,0,0,1,1
5.95324333,18,5,0,0,0,1
6.35784227,15,13,0,0,1,1
6.28785856,18,10,0,0,1,1
6.68586095,17,5,0,0,1,1
6.2146081,17,1,0,0,1,1
6.79570578,13,10,0,0,1,1
6.43775165,14,7,0,0,1,1
5.77765232,14,8,0,0,0,1
6.35784227,12,14,0,0,1,1
6.05678401,12,7,0,0,1,1
5.48479693,10,15,0,0,1,1
6.63068339,17,5,0,0,1,1
7.59034695,16,10,0,0,1,1
6.54391185,12,14,0,0,1,1
6.19644413,16,4,0,0,1,1
6.33682573,16,2,0,0,1,1
5.82894562,10,14,0,0,1,1
5.69709349,13,8,0,0,1,1
5.73009978,13,6,0,0,1,1
7.00033446,13,5,0,0,1,1
6.02344759,11,7,0,0,1,1
6.40687999,12,15,0,0,1,1
6.2146081,12,7,0,0,1,1
6.37842618,15,4,0,0,1,1
6.43775165,13,9,0,0,1,1
5.96614674,10,9,0,0,1,1
6.09356977,14,11,0,0,1,1
6.56103067,13,7,0,0,1,1
6.65672652,16,5,0,0,1,1
6.23441073,12,10,1,0,1,1
6.09130988,17,2,0,0,1,1
5.99146455,13,7,0,0,1,1
7.15070146,18,4,0,0,1,1
6.00388707,12,8,1,0,1,1
6.51174533,12,10,1,0,1,1
5.6347896,10,11,1,0,1,1
5.85793315,10,8,1,0,1,1
7.60240134,18,6,0,0,1,1
6.64509097,16,4,0,0,1,1
6.76388491,16,7,0,0,1,1
6.77992191,15,11,0,0,1,1
6.30991828,12,8,0,0,1,1
6.41345896,14,8,0,0,1,1
6.35784227,13,6,0,0,1,1
4.99721227,12,7,1,0,1,1
6.71417053,16,7,0,0,1,1
6.55108034,14,6,0,0,1,1
6.62007321,18,3,0,0,1,1
6.55108034,17,11,0,0,0,1
6.53958596,18,8,0,0,1,1
5.73009978,11,10,1,0,1,1
6.76272951,17,8,0,0,0,1
6.54103,14,4,1,0,1,1
6.68461173,11,7,1,0,1,1
6.51174533,14,12,1,0,1,1
6.2441669,14,5,0,1,1,1
6.56807791,16,9,0,0,1,1
6.73933663,13,6,0,0,1,1
6.78558765,14,5,0,0,1,1
6.54103,14,7,0,0,1,1
6.74641213,12,16,0,0,1,1
6.60394382,12,11,0,0,1,1
6.17586727,14,5,0,0,1,1
6.67834211,16,8,0,0,1,1
6.36130248,13,13,0,0,0,1
6.76734313,12,16,0,0,1,1
6.35784227,16,5,0,0,1,1
7.23345542,17,10,0,0,1,1
7.37963215,14,11,0,0,1,1
6.51471269,12,12,1,0,1,1
6.13556489,18,8,0,0,1,1
6.49677499,12,11,0,0,1,1
6.73933663,12,6,0,0,1,1
6.48768402,12,15,0,0,0,1
7.09007684,15,6,0,0,1,1
6.64639051,13,14,0,0,1,1
5.52146092,12,9,1,0,1,1
5.83773045,12,6,0,0,1,1
7.65681009,12,16,0,0,1,1
6.93634274,18,3,0,0,1,1
6.56948142,12,7,0,0,1,1
6.38856141,10,12,0,0,1,1
6.72503364,15,11,0,1,1,1
5.99146455,15,7,0,0,1,1
6.58063914,14,11,1,0,1,1
5.11799381,12,13,1,0,1,1
6.14632926,14,7,0,0,1,1
6.46614472,18,3,0,0,1,1
6.39692966,13,15,0,0,1,1
5.99146455,12,6,0,0,1,1
6.90775528,13,5,0,0,1,1
6.50128967,14,8,0,0,1,1
6.315358,16,2,0,0,1,1
6.66568372,14,8,0,0,1,1
6.50279005,15,7,0,0,1,1
5.70378247,10,9,0,0,1,1
6.54678541,16,8,0,0,1,1
6.08221891,14,13,0,0,0,1
6.52941884,13,6,0,0,1,1
6.02586597,14,6,0,0,1,1
6.62140565,12,7,0,0,1,1
5.44241771,13,7,0,0,1,1
6.22455843,16,7,0,0,1,1
6.39692966,16,8,0,0,0,1
7.17701877,18,9,0,0,1,1
6.96413561,18,8,0,0,1,1
6.44094654,15,11,0,0,1,1
6.95654544,16,11,0,0,1,1
6.89060912,18,8,0,0,0,1
7.15617664,18,10,0,0,1,1
6.70686234,12,8,0,0,1,1
6.2146081,17,1,0,0,1,1
6.57925121,12,14,0,0,1,1
6.28785856,12,11,0,0,1,1
6.84374995,17,11,0,0,0,1
5.70378247,11,8,0,0,1,1
6.66057515,11,15,0,0,0,1
6.47697236,8,20,0,0,0,1
6.90374726,18,5,0,0,1,1
6.36647045,17,5,0,0,1,1
5.44241771,16,4,0,0,1,1
6.28971557,16,3,0,0,0,1
6.44254017,15,13,1,0,1,1
6.51323011,12,10,1,0,1,1
5.44241771,16,5,0,0,1,1
6.57368017,18,5,0,0,1,1
5.65599181,13,5,0,0,1,1
6.2146081,15,5,0,0,1,1
5.74300319,16,5,0,0,1,1
5.29831737,11,8,0,0,1,1
7.00850518,16,11,0,0,1,1
6.36818719,12,11,0,0,1,1
6.00141488,16,8,0,0,1,1
6.42648846,13,6,0,0,1,1
5.62401751,16,5,0,0,1,1
6.86901445,17,2,0,1,1,1
6.53958596,15,9,0,0,1,1
6.33327963,12,10,0,0,1,1
7.19743535,8,19,0,0,1,1
6.51174533,14,11,0,0,1,1
6.75227038,16,10,0,0,0,1
5.56068163,16,10,0,0,1,1
6.35437004,15,7,0,0,1,1
6.43935037,13,5,0,0,1,1
7.27447956,12,14,0,0,1,1
5.81711116,14,8,0,0,0,1
6.35784227,12,9,0,0,1,1
6.1737861,13,5,0,0,1,1
5.52146092,15,7,0,0,1,1
6.1717006,11,7,0,0,1,1
6.94505106,15,13,0,0,1,1
6.99393298,18,9,0,0,1,1
6.13556489,18,2,0,0,1,1
6.43775165,12,14,0,0,0,1
6.70563909,16,3,0,0,1,1
5.88887796,14,8,0,0,1,1
5.768321,12,9,0,0,1,1
5.84932478,16,10,0,0,1,1
6.7580945,12,12,0,0,1,0
5.64190707,10,10,0,0,1,0
6.54965074,12,6,0,0,1,0
6.42162227,12,6,0,0,1,0
6.07073773,11,8,0,0,0,0
6.28039584,16,3,0,0,1,1
6.43775165,16,4,0,0,1,1
6.35784227,18,2,0,0,1,1
6.73696696,12,6,0,0,1,1
6.00141488,16,4,0,0,1,1
6.315358,15,11,0,0,1,1
6.92165818,18,7,0,0,1,1
5.78382518,16,7,0,0,1,1
6.64768837,15,9,0,0,1,1
6.55108034,14,4,0,0,1,1
6.30627529,17,1,0,0,1,1
6.43775165,16,4,0,0,1,1
6.8145429,16,6,0,0,1,1
6.61338422,12,15,0,0,1,1
6.51323011,12,6,0,0,0,1
6.70563909,16,6,0,0,0,0
6.64639051,15,4,0,0,1,1
6.58892648,15,6,0,0,1,1
6.50128967,12,6,0,0,1,1
6.53378884,14,7,0,0,1,1
6.32793678,14,6,0,0,1,1
6.2146081,16,6,0,0,1,1
6.50727771,14,8,0,0,1,1
6.86901445,12,16,0,0,1,1
6.58755001,16,6,0,0,1,1
6.86901445,16,11,0,0,1,1
6.42162227,17,10,0,0,1,1
7.05098945,13,13,0,0,1,1
6.51471269,13,10,0,0,1,1
6.04500531,12,8,0,0,1,1
6.96885038,12,7,0,0,1,1
7.06902343,18,9,0,0,1,1
6.74758653,15,6,0,0,1,1
6.41345896,12,6,0,0,1,1
6.04737218,18,9,0,0,1,1
7.09007684,12,11,0,0,1,1
6.93634274,14,14,0,0,1,1
6.30991828,14,8,0,0,1,1
6.68586095,15,10,0,0,1,1
6.29710932,12,13,0,0,1,1
5.85793315,9,16,0,0,1,1
6.62007321,14,12,0,0,1,1
6.10924758,14,14,0,0,1,1
6.39692966,14,4,0,0,1,1
6.75110147,12,15,0,0,1,1
6.59030105,14,6,0,0,1,1
6.54103,12,16,0,0,1,1
6.93244789,10,11,0,0,1,1
7.05098945,14,8,0,0,1,1
6.89060912,16,10,0,0,1,1
6.58892648,15,13,0,0,1,1
6.28226675,14,14,0,0,1,1
6.27664349,12,7,0,0,1,1
5.66642669,13,7,0,0,1,1
5.74620319,17,3,0,0,1,1
6.00141488,13,5,0,0,1,1
7.00306546,18,6,0,0,1,1
6.49223984,12,9,0,0,1,1
6.07073773,12,14,0,0,1,1
5.99146455,17,4,0,1,1,1
5.57215403,15,5,0,0,1,1
5.99146455,13,15,0,0,1,1
6.35784227,16,12,0,0,0,1
6.07073773,12,6,0,0,1,1
6.15273269,17,2,0,0,1,1
5.54126355,17,2,0,0,1,1
6.43775165,12,8,0,0,0,1
6.50727771,13,15,0,0,1,1
6.95559261,12,12,0,0,1,1
7.52077642,17,11,0,0,1,1
6.64509097,15,12,0,0,1,1
6.53378884,11,17,1,0,1,1
6.47697236,15,3,0,0,1,1
6.1717006,16,4,0,0,0,1
5.83188248,16,2,0,0,0,0
6.80903931,14,12,0,0,1,0
5.86078622,12,15,0,0,0,0
6.65286303,12,11,0,0,1,0
6.55108034,12,8,0,0,1,0
6.38350663,16,4,0,0,0,0
6.60665019,12,6,0,0,0,0
6.27852142,12,9,0,0,0,0
6.03308622,16,3,0,0,1,0
7.23993259,18,10,0,0,1,0
6.30627529,12,16,0,0,0,0
6.48768402,11,7,0,0,0,1
6.34913899,12,7,0,0,0,1
6.43615037,13,10,0,0,0,1
6.09130988,16,9,0,0,1,1
6.35784227,15,6,0,0,0,1
6.29156914,13,8,0,0,0,1
6.73459166,15,9,0,0,0,1
6.58479139,14,9,0,0,1,0
6.32256524,13,7,0,0,1,0
5.81114099,13,5,0,0,0,0
6.23441073,15,3,0,1,1,0
6.35784227,12,13,0,0,1,0
6.23636959,12,11,0,0,1,0
5.73979291,15,4,0,0,1,1
6.35784227,12,16,0,0,1,1
6.50727771,12,16,0,0,1,1
6.44730586,12,9,0,0,1,1
6.50128967,16,3,0,0,1,1
5.99146455,14,7,0,0,1,1
5.39362755,11,7,0,0,0,1
6.35784227,13,11,0,0,1,1
6.04737218,13,10,0,0,1,1
6.47234629,16,5,0,0,1,1
5.84354442,15,7,0,0,1,1
6.73340189,16,3,0,1,1,1
6.43775165,15,4,0,0,1,1
6.90775528,9,15,0,0,1,1
6.82328612,16,9,0,0,1,1
6.59304453,12,13,0,0,1,1
6.10479323,12,6,0,1,1,1
6.18001665,14,9,0,0,1,1
6.01859321,12,7,0,0,1,1
6.78558765,14,10,0,0,1,1
5.85793315,14,7,0,0,1,0
6.2146081,17,4,0,0,0,0
6.5971457,15,12,0,0,1,0
6.12905021,13,11,0,0,1,0
6.58063914,16,6,0,0,1,0
6.54965074,15,11,0,1,1,0
6.66568372,14,10,0,0,1,0
6.82979374,16,7,0,0,1,0
6.10702289,14,6,0,0,1,0
5.78382518,15,3,0,0,0,0
6.52649486,13,13,0,0,0,0
6.25766759,16,10,0,0,1,0
6.15273269,18,4,0,0,1,0
6.29341928,12,16,0,0,0,0
6.74758653,14,9,0,0,0,0
5.99146455,12,12,0,0,0,0
6.3044488,18,3,0,0,0,0
6.35784227,16,10,0,0,0,0
5.70378247,11,7,0,0,0,0
6.97354302,16,10,0,0,0,0
6.58063914,12,14,0,0,0,0
6.51174533,17,8,0,0,1,0
6.60529792,17,4,0,1,1,0
7.2984451,12,8,0,0,1,0
6.77422389,17,4,0,0,0,0
6.80239476,12,15,0,0,0,0
6.68586095,13,12,0,0,0,0
6.30991828,13,7,0,0,0,0
6.35437004,10,18,0,0,0,0
6.29156914,12,9,0,0,0,0
6.67203295,16,10,0,0,1,0
6.54103,14,8,0,0,0,0
5.52146092,16,4,0,0,0,0
6.03308622,17,1,0,0,1,0
6.453625,9,17,0,0,0,0
6.02344759,12,14,0,0,1,0
5.70378247,12,7,0,0,0,0
6.3403593,17,3,0,0,1,0
6.46302946,16,10,0,0,0,0
5.87493073,13,10,0,0,0,0
5.99146455,12,15,0,0,0,0
6.02344759,12,13,0,0,0,0
6.27476202,14,13,0,0,0,0
6.453625,16,7,0,0,0,0
4.9698133,14,7,0,0,0,0
6.30991828,14,11,0,0,0,0
6.18620862,12,14,0,0,0,0
6.39359075,17,8,0,0,1,0
6.13556489,14,6,0,1,1,0
6.69950034,16,4,0,0,0,0
6.43775165,12,7,0,0,0,0
6.94985646,12,13,0,0,0,0
6.68461173,16,5,0,0,1,0
6.69950034,16,5,0,0,1,0
6.07073773,17,3,0,0,1,0
6.62140565,17,5,0,0,1,0
5.68357977,14,6,0,0,1,0
6.05678401,12,7,0,0,1,1
6.55108034,12,15,0,0,1,1
5.64897424,16,3,0,0,1,1
6.295266,14,7,0,0,0,1
6.1737861,12,7,0,0,1,1
5.9348942,16,4,0,0,1,1
6.23048145,16,8,0,0,1,1
6.2146081,12,7,0,0,1,1
6.58340922,12,15,0,0,1,1
5.39362755,12,7,0,0,0,1
6.1633148,15,3,0,0,0,1
7.09174212,13,7,0,0,1,1
5.99146455,13,5,0,0,0,1
6.39859493,16,7,0,0,1,1
6.17586727,12,11,0,0,0,1
6.55108034,16,11,0,0,0,1
6.64509097,12,9,0,1,1,1
6.27098843,14,5,0,1,1,1
6.10924758,16,8,0,1,1,1
6.33327963,10,18,0,1,1,1
6.47543272,13,13,0,1,1,1
6.15273269,8,18,0,1,1,1
5.6167711,16,2,0,1,1,1
6.57786136,16,11,0,1,1,1
6.98656646,12,15,0,1,1,1
6.51174533,16,12,0,1,1,1
5.85793315,18,0,0,1,0,0
6.64509097,14,8,1,1,1,0
6.47697236,12,8,1,1,0,0
6.62140565,9,15,0,1,0,0
5.87493073,10,11,0,1,0,0
5.52146092,9,9,0,1,0,0
5.99396143,12,10,0,1,0,0
6.05208917,11,8,0,1,0,0
5.65948222,9,10,0,1,0,0
5.73334128,13,7,1,1,0,0
6.35957387,14,4,1,0,1,0
6.08221891,16,8,1,1,0,0
6.10924758,12,13,0,1,0,0
5.15329159,17,5,0,1,1,0
6.27098843,16,5,1,0,1,0
6.17794411,12,12,1,1,0,0
6.72503364,12,9,1,0,1,0
5.56068163,12,16,1,1,0,0
5.63121178,12,7,1,1,0,0
5.85793315,13,6,1,1,0,0
4.97673374,11,7,0,1,0,0
5.43807931,10,11,1,1,0,0
6.10924758,15,3,1,0,1,0
5.95324333,16,3,0,1,1,0
6.70563909,17,11,0,1,1,0
6.86901445,16,8,0,1,0,0
6.01126717,13,9,0,1,0,0
6.26530121,16,3,0,1,1,0
6.35957387,13,5,0,0,1,0
6.42971948,14,8,0,1,0,0
5.43807931,12,7,0,1,1,1
6.3630281,11,13,1,1,1,1
7.05185562,18,8,0,1,1,1
5.94017125,12,10,1,1,1,1
6.42324696,16,5,1,1,1,1
6.10924758,12,10,1,1,1,1
6.05208917,12,7,1,1,1,1
6.2146081,12,10,1,1,1,1
6.56948142,12,7,0,1,1,1
6.62007321,12,7,0,1,1,1
5.77765232,15,3,0,1,1,1
6.94505106,13,9,0,1,1,1
6.19644413,16,3,0,1,1,1
6.26339826,13,10,0,1,1,1
5.96100534,11,12,1,1,1,1
6.13122649,10,10,1,1,1,1
5.99146455,15,3,1,1,1,1
6.60258789,15,6,1,1,1,1
6.3952616,14,6,1,1,1,1
7.03085748,18,9,1,1,0,0
6.39859493,14,5,1,1,1,1
5.69709349,10,10,1,1,1,1
5.45958551,12,9,1,1,1,1
5.39362755,13,6,1,1,1,1
6.54678541,8,12,1,1,1,1
6.295266,9,9,1,1,1,1
5.52146092,12,7,1,1,1,1
5.99146455,16,4,0,1,1,1
6.04737218,15,10,0,1,1,1
5.66988092,12,7,0,1,1,1
5.50938834,10,17,1,1,1,1
5.94017125,13,7,1,1,1,1
6.48616079,12,6,0,1,1,1
6.56667243,12,14,0,1,1,1
6.17586727,14,9,0,1,1,1
6.46302946,16,3,0,1,1,1
6.39024067,12,14,0,1,1,1
6.35957387,7,18,0,1,1,1
6.51914729,16,8,0,1,1,0
7.33823815,16,10,0,1,1,0
6.75693239,12,15,0,1,1,0
6.28039584,18,8,0,1,1,0
5.73009978,12,9,0,1,1,0
6.39692966,14,9,0,1,0,0
6.43775165,8,17,0,1,0,0
6.29156914,13,10,0,1,1,0
5.84064166,13,8,0,1,0,0
6.2146081,12,7,0,1,0,0
5.768321,11,9,1,0,1,0
5.9348942,18,3,1,1,0,0
5.23644196,15,4,1,1,0,0
5.12396398,9,18,1,1,0,0
5.52146092,2,17,1,1,0,0
5.24702407,3,15,1,1,0,0
6.90775528,12,10,1,0,1,0
6.33505425,12,6,1,1,0,0
6.43615037,9,9,1,1,0,0
6.57088296,12,6,1,1,1,0
6.28785856,12,6,0,1,0,0
5.87211779,13,7,1,1,0,0
5.48063892,12,6,1,1,0,0
6.03548143,12,6,0,1,0,0
6.93342303,13,8,0,1,0,1
5.68697536,17,9,0,1,0,1
6.30991828,12,8,1,1,1,1
6.28785856,12,9,1,1,1,1
5.85793315,5,19,0,1,0,1
6.56667243,12,9,0,1,0,1
5.433722,12,11,1,1,0,1
5.39362755,12,9,1,1,0,1
5.7365723,12,11,1,1,0,1
5.768321,12,6,1,0,1,1
5.71373281,12,9,1,1,0,1
6.10924758,13,7,0,1,0,1
6.62406523,12,11,1,1,1,1
6.08221891,12,8,0,1,0,1
5.78382518,11,11,1,1,0,1
6.74051936,16,10,0,1,0,1
5.74620319,14,6,0,1,0,1
6.1717006,13,15,0,1,1,1
6.06145692,12,13,0,1,1,1
6.19440539,14,9,0,1,1,1
5.88887796,12,6,0,1,1,1
5.99146455,14,13,0,1,1,1
6.04737218,12,6,1,1,1,1
5.73979291,12,9,1,1,0,1
5.60211882,11,10,1,1,0,1
5.95324333,18,2,1,1,1,1
6.27098843,16,2,1,1,1,1
6.55108034,11,14,0,1,0,1
5.94279938,10,16,0,1,0,1
6.14203741,12,10,0,1,0,1
5.99146455,10,18,0,1,0,1
6.12029742,10,17,0,1,0,1
5.56068163,12,6,1,1,0,0
6.5581978,13,9,1,0,1,0
6.03308622,13,11,0,1,0,0
5.52146092,11,10,1,1,0,0
6.13122649,12,6,1,1,0,0
5.78382518,8,12,1,1,0,0
5.6167711,9,10,1,1,0,0
5.78382518,12,8,1,1,0,0
5.70378247,15,4,1,0,1,0
5.52146092,8,17,1,1,0,0
5.66296048,12,10,0,1,0,0
6.30991828,13,9,1,1,1,0
6.06145692,12,15,0,1,0,0
5.92692603,8,16,1,1,1,0
6.35784227,9,15,0,1,0,0
6.27476202,13,6,0,1,0,0
5.52146092,12,6,0,1,1,0
6.08677473,12,9,0,1,0,0
6.12468339,12,8,0,1,0,0
6.08221891,12,9,0,1,0,0
6.30991828,12,9,1,1,0,0
6.47697236,16,3,0,1,1,0
6.04737218,11,9,0,1,0,0
6.04025471,13,8,0,1,1,0
5.29831737,14,5,0,1,1,0
5.99146455,8,12,0,1,0,0
5.70378247,9,9,0,1,1,0
6.57088296,12,12,0,1,1,0
5.98645201,12,7,0,1,0,0
5.98645201,9,14,0,1,0,0
6.59850903,16,6,0,1,1,0
6.53378884,12,7,0,1,0,0
5.35658627,6,16,0,1,0,0
6.12029742,12,13,0,1,0,0
5.85793315,15,3,0,1,1,0
6.35784227,16,6,0,1,0,0
6.54965074,16,9,0,0,0,0
5.92692603,16,5,0,1,0,0
5.92692603,13,5,0,1,0,0
5.89715387,12,15,0,1,0,0
5.39362755,12,11,1,1,1,0
6.43133108,16,9,1,1,1,0
5.92692603,11,14,1,1,0,0
5.83188248,16,4,1,1,0,0
5.94017125,16,2,1,1,0,0
5.56068163,11,15,0,1,1,0
6.19236249,8,16,1,1,1,0
6.07073773,11,9,1,1,1,0
5.89989735,11,10,1,1,1,0
5.54907608,14,13,1,1,1,0
6.24027585,14,6,0,1,1,0
5.66296048,15,10,0,1,1,0
6.76388491,18,6,0,1,1,0
6.07073773,12,7,0,1,1,0
6.2146081,1,22,0,1,1,0
6.30627529,16,2,0,1,1,0
5.99146455,12,11,0,1,1,0
6.07073773,9,15,0,1,1,0
5.92692603,13,5,0,1,0,0
6.3044488,12,14,0,1,1,0
5.92692603,12,6,0,1,0,0
6.2146081,14,5,0,1,0,0
5.87211779,16,2,0,1,0,0
6.39692966,12,11,0,0,1,0
6.47697236,12,16,0,1,1,0
6.74288064,12,14,0,1,1,0
5.78382518,12,9,0,1,1,0
5.66642669,12,15,1,1,0,1
6.12468339,14,4,1,1,0,1
6.56667243,14,9,1,1,1,1
6.02344759,13,15,0,1,0,1
6.47543272,16,3,1,1,1,1
6.45047042,13,7,0,1,1,1
6.58063914,16,6,0,1,0,1
6.81673588,12,14,0,1,1,1
5.92692603,13,7,0,1,0,1
6.38350663,18,3,0,1,1,1
6.63856779,16,10,0,1,0,0
6.2146081,12,8,0,1,0,0
5.6167711,11,8,1,0,1,0
5.56068163,10,8,1,0,1,0
6.86901445,16,6,0,1,0,0
6.43775165,12,10,1,1,0,0
5.80814249,12,8,1,1,0,0
6.43775165,12,11,1,1,0,0
5.52146092,10,8,1,1,0,0
5.88332239,12,16,1,1,0,0
6.30991828,12,16,1,1,0,0
5.99893656,12,6,1,1,0,0
6.13772705,11,9,1,0,1,0
5.98141421,12,6,1,1,0,0
5.62762111,12,6,1,1,0,0
5.99146455,14,7,1,1,0,0
6.02827852,16,2,1,1,0,0
6.13556489,12,15,1,1,0,0
7.27378632,18,9,0,1,0,0
4.82831374,4,17,1,1,0,0
5.29831737,10,18,1,1,0,0
5.70378247,10,15,1,1,0,0
6.25575004,10,16,1,1,0,0
5.58349631,13,6,1,1,1,0
5.78382518,11,9,1,1,0,0
5.85793315,9,15,1,1,1,0
5.82894562,9,19,1,1,0,0
6.43775165,13,6,1,1,0,0
5.36597602,10,13,0,1,0,0
6.53378884,12,10,0,1,0,0
5.6167711,8,18,0,1,1,0
6.12468339,10,16,0,1,0,0
6.42162227,12,8,1,1,1,0
6.59578051,16,3,1,0,1,0
5.0937502,12,8,1,1,0,0
5.56068163,8,10,1,1,0,0
6.19847872,11,10,0,1,0,0
6.35437004,12,8,1,0,1,0
6.23441073,12,7,1,0,1,0
6.33682573,8,12,1,1,1,0
6.2441669,9,14,1,1,0,0
6.15485809,8,11,1,0,1,0
5.81413053,13,8,1,1,0,0
6.17586727,12,10,1,1,0,0
6.4645883,12,8,1,1,0,0
6.35088572,10,9,1,1,0,0
5.75257264,6,20,1,1,0,0
5.88610403,11,13,1,1,1,0
5.82600011,12,7,1,1,1,0
5.99146455,13,7,0,1,0,0
5.70378247,15,3,0,1,0,0
6.3630281,10,18,0,1,0,0
5.77144112,14,4,0,1,0,0
6.1633148,12,8,1,0,1,0
6.09807428,7,12,1,0,1,0
5.70378247,6,13,1,1,0,0
5.52942909,10,11,1,1,0,0
6.03787092,12,7,1,1,0,0
5.75890177,6,22,1,1,0,0
6.315358,16,7,0,1,0,0
6.58063914,18,7,0,1,0,0
6.59167373,13,6,0,1,0,0
5.74939299,12,7,0,1,1,0
5.39362755,9,12,0,1,0,0
5.45958551,8,11,1,1,0,1
5.80814249,9,12,1,1,0,1
5.80814249,11,9,1,1,0,1
5.80814249,11,13,1,1,0,1
5.94017125,12,10,1,1,0,1
5.96614674,12,8,1,1,0,1
5.52146092,5,23,1,1,0,1
6.51174533,17,4,1,1,1,1
6.18001665,16,4,1,1,1,1
6.64509097,16,3,1,1,1,1
5.78382518,4,15,1,1,1,1
6.14203741,11,13,1,1,0,1
5.85793315,14,4,0,1,0,1
5.92692603,12,8,1,1,1,1
5.70378247,5,16,0,1,0,1
6.1633148,16,3,1,1,1,1
6.26909628,12,9,1,0,1,1
6.24027585,10,10,1,1,0,1
6.09807428,12,9,1,0,1,1
5.57972983,11,12,1,1,0,1
5.56068163,12,9,1,1,0,1
5.76205138,9,9,1,1,1,1
6.43935037,12,8,0,1,0,0
5.99146455,11,8,0,1,0,0
5.9348942,14,4,0,1,1,0
6.68835471,16,7,0,1,0,0
6.10255859,16,3,0,1,0,0
5.7651911,15,7,0,1,0,0
5.99396143,8,16,0,1,0,0
6.08221891,9,12,0,1,1,0
6.03308622,10,8,0,1,1,0
5.92692603,10,9,0,1,0,0
6.42324696,16,8,0,1,1,0
5.86929691,12,10,0,1,1,0
6.05208917,18,4,0,1,1,0
5.57972983,12,8,0,1,0,0
6.05443935,14,4,0,1,1,0
5.52146092,12,7,0,1,0,0
6.32793678,17,2,0,1,1,0
5.66642669,12,11,0,1,0,0
5.97380961,16,4,0,1,0,0
6.35784227,12,8,0,1,1,0
5.84643878,17,9,0,1,0,0
7.15617664,16,6,0,1,1,0
6.76272951,17,5,0,0,1,1
6.02344759,14,4,0,1,1,1
5.4161004,6,17,0,0,1,1
6.00141488,14,7,0,0,1,1
6.58063914,12,13,0,1,1,1
6.35784227,12,12,0,1,1,1
6.2146081,12,8,0,1,0,1
5.52146092,12,11,0,1,0,1
5.04342512,12,8,0,1,0,1
6.00635316,12,9,0,1,0,1
5.85793315,12,15,1,1,1,0
6.13556489,12,8,1,1,1,0
6.2146081,10,18,0,1,1,0
6.74051936,16,8,0,1,1,0
6.35784227,12,11,0,1,1,0
5.99146455,16,6,0,1,1,0
6.60800063,11,17,0,0,0,0
5.85793315,14,5,0,1,1,0
6.08221891,12,8,0,1,1,0
6.58892648,13,6,0,1,1,0
6.87729607,11,8,0,1,1,0
6.62140565,16,8,0,1,1,0
6.35784227,18,6,0,1,1,0
6.00141488,16,8,0,1,0,0
6.42324696,12,12,0,1,0,0
5.43807931,16,3,0,1,0,0
4.95582706,12,6,0,1,0,0
5.95324333,18,6,0,1,0,0
5.95324333,12,9,0,1,1,0
6.04500531,12,6,0,1,0,0
6.47697236,12,9,1,0,0,0
5.43807931,8,16,1,1,0,0
6.51025834,15,9,0,1,0,0
5.86929691,18,3,1,1,1,0
5.52146092,13,7,1,1,0,0
5.70378247,11,14,1,1,0,0
5.99146455,12,6,1,1,0,0
5.70378247,7,21,1,1,0,0
6.13122649,13,8,1,1,0,0
6.06842559,12,9,1,0,1,0
5.52146092,11,9,1,1,0,0
5.75257264,5,17,0,1,1,0
6.43775165,12,10,0,1,0,0
6.2146081,10,10,0,1,0,0
5.80211838,12,9,0,1,0,0
6.37161185,12,10,0,1,0,0
5.768321,13,9,1,1,0,0
5.70378247,11,11,1,1,0,0
6.60394382,16,10,0,1,0,0
5.95324333,12,12,1,1,0,0
6.46302946,13,7,1,1,0,0
5.78382518,5,21,1,1,0,0
6.00635316,12,6,1,1,0,0
5.70378247,6,20,1,1,0,0
5.170484,7,16,1,1,0,0
6.10924758,11,10,1,1,0,0
5.6767538,10,8,1,1,0,0
6.68586095,12,9,0,1,0,0
5.92692603,9,12,1,1,0,0
5.43807931,10,8,1,1,0,0
6.28226675,13,14,1,1,0,0
6.04500531,7,18,1,1,0,0
5.88887796,10,11,0,1,0,0
5.70378247,9,12,0,1,0,0
6.32435896,12,10,0,1,0,0
6.15273269,16,6,1,1,0,0
6.18620862,12,16,0,1,0,0
6.39692966,12,8,0,1,0,0
5.89440283,11,17,1,1,0,0
5.29831737,10,8,1,1,1,0
4.95582706,8,16,1,1,0,0
6.10479323,12,15,0,1,0,0
5.70378247,11,12,1,1,0,0
6.55961524,12,13,0,0,1,0
6.28039584,12,8,0,0,1,0
5.56068163,13,10,1,1,0,0
6.51471269,12,8,1,0,1,0
5.56068163,7,18,1,1,0,0
5.70378247,10,18,1,1,0,0
7.10249936,16,5,0,1,1,0
6.35784227,17,5,0,1,0,0
5.52146092,14,7,1,1,0,0
5.97635091,10,14,1,0,1,0
5.6167711,8,10,1,1,0,0
5.4161004,9,17,1,1,0,0
5.6167711,7,12,1,1,0,0
5.87493073,9,15,1,1,0,0
6.78558765,12,7,1,0,1,0
5.25749537,16,2,1,1,1,0
6.04025471,7,16,1,1,0,0
5.92692603,7,20,1,1,0,0
5.89715387,7,18,1,1,0,0
5.99146455,12,8,0,1,0,0
5.86646806,12,8,1,1,1,0
5.70378247,13,10,0,1,0,0
6.03068526,15,4,0,1,1,0
6.39692966,11,9,1,1,0,0
6.88038408,13,10,1,0,1,0
5.43807931,5,18,1,1,0,0
5.73979291,12,9,1,1,0,0
5.61312811,8,17,1,1,0,0
5.99146455,11,10,1,0,1,0
5.29831737,8,12,1,1,0,0
6.07534603,13,7,1,1,0,0
5.43807931,6,17,1,1,0,0
6.59441346,6,18,1,0,1,0
5.59842196,10,17,1,1,0,0
5.170484,8,12,1,1,0,0
5.52146092,12,7,1,1,0,0
5.80814249,10,14,1,1,0,0
6.08221891,12,7,1,0,1,0
6.0591232,16,4,1,1,1,0
6.60665019,16,7,0,1,1,0
6.55108034,12,8,1,0,1,0
5.50125821,12,6,1,1,0,0
5.43807931,12,8,1,1,0,0
5.6094718,15,8,1,1,0,0
6.44888939,14,8,1,0,1,0
5.66642669,16,3,1,0,1,0
5.70378247,8,18,1,1,0,0
5.43807931,10,13,1,1,0,0
5.97888576,8,16,1,1,0,0
6.34913899,9,9,1,1,0,0
6.43775165,17,7,1,0,1,0
6.30991828,16,3,1,0,1,0
5.52146092,9,11,1,1,0,0
5.89440283,8,13,0,1,0,0
4.60517019,14,14,1,1,0,0
5.85793315,12,15,1,0,1,0
5.66988092,10,9,1,1,0,0
5.52146092,4,22,1,1,0,0
6.72503364,8,19,1,1,1,0
6.07534603,10,9,1,1,1,0
5.80814249,12,9,1,0,1,0
5.7235851,12,8,0,1,0,0
6.35088572,18,9,0,1,0,0
5.66296048,12,7,0,1,1,0
6.13772705,12,10,1,1,1,0
5.96357934,12,16,0,1,0,0
7.00850518,16,10,0,1,0,0
5.50125821,16,2,0,1,1,0
5.88053299,12,7,0,1,1,0
5.87773578,8,20,0,1,1,0
5.99146455,12,12,1,1,0,0
5.70378247,10,9,0,1,0,0
6.315358,16,5,0,1,1,0
5.70378247,8,17,0,1,0,0
6.10924758,7,17,0,1,1,0
6.01371516,12,7,0,1,0,0
5.52146092,14,4,0,1,1,0
5.82008293,16,2,0,1,1,0
5.6347896,16,2,0,1,1,0
6.25958146,13,5,0,1,1,0
6.24027585,16,4,0,1,1,0
6.53813982,14,11,0,1,1,0
6.05208917,16,5,0,0,0,0
5.88887796,13,5,0,1,1,0
6.295266,12,6,0,0,0,0
6.64509097,12,14,0,1,1,0
6.22455843,12,7,0,1,1,0
6.38181602,17,2,0,1,1,0
6.03787092,16,3,0,1,1,0
5.92692603,16,4,0,1,1,0
5.91079664,17,3,0,1,1,0
6.08221891,11,9,0,1,1,0
6.42810527,17,6,0,0,1,0
6.453625,16,11,0,1,1,0
6.2146081,12,8,0,1,1,0
6.77422389,12,14,0,1,1,0
6.453625,17,11,0,1,1,0
5.74620319,14,4,0,0,0,0
5.85793315,15,3,0,1,0,0
6.75343792,9,9,0,1,0,0
5.29831737,11,14,1,1,0,0
5.94803499,12,6,1,0,1,0
5.50125821,12,12,1,1,0,0
6.69456206,12,14,1,1,0,0
6.13556489,18,9,1,1,0,0
6.35784227,16,7,1,1,0,0
6.22653667,17,8,1,0,1,0
6.86901445,17,5,0,1,0,0
6.61069604,16,4,0,1,1,0
6.10924758,12,6,0,1,1,0
6.16541785,11,10,1,1,0,0
4.81218436,9,10,1,1,0,0
6.67708346,11,15,1,1,1,0
5.29831737,10,9,1,1,0,0
6.13556489,14,12,0,1,0,0
5.4161004,10,13,0,1,0,0
6.35784227,13,9,0,1,1,0
5.19295685,8,18,1,1,0,0
5.78382518,9,16,1,0,0,0
6.01371516,7,15,1,1,0,0
5.29831737,10,9,1,1,0,0
6.28971557,16,7,0,1,0,0
5.86929691,16,6,0,1,0,0
5.52146092,11,11,0,1,0,0
6.54103,16,6,0,1,0,0
6.04025471,12,10,0,1,0,0
5.90263333,12,15,0,1,1,0
5.86078622,11,7,0,1,0,0
6.81673588,16,9,0,1,1,0
6.80239476,13,9,0,1,0,0
5.70378247,7,13,0,1,0,0
5.72684775,10,11,0,1,0,0
6.1633148,7,14,0,1,1,0
5.82894562,11,11,1,1,0,0
6.13772705,9,14,1,1,1,0
5.29831737,12,12,1,1,0,0
5.75257264,15,3,1,1,0,0
6.43775165,16,8,1,1,0,0
5.53733427,12,12,1,1,0,0
6.10924758,9,12,0,1,0,0
5.92692603,12,6,1,1,0,0
5.70378247,12,8,1,0,1,0
5.89715387,12,8,1,1,0,0
6.62007321,18,3,1,0,1,0
6.37842618,15,7,1,1,1,0
5.57972983,10,15,1,1,1,0
5.70378247,9,10,1,1,1,0
5.96614674,6,21,1,1,0,0
6.2146081,10,15,0,1,0,0
6.10924758,12,11,0,1,0,0
5.57215403,12,9,0,1,0,0
6.06842559,14,7,0,1,0,0
5.25749537,10,14,1,1,0,0
6.72022016,14,14,0,1,0,0
6.24027585,16,8,1,1,1,1
6.27098843,13,11,1,0,1,1
5.95324333,16,4,1,1,0,1
6.2146081,13,8,0,1,0,1
6.56807791,15,8,0,1,1,1
6.15697899,16,5,0,1,1,1
6.15273269,12,6,1,1,0,1
6.02344759,13,6,1,0,1,1
5.81413053,12,7,0,1,0,1
6.17586727,13,15,0,1,1,1
6.2146081,12,6,0,1,0,1
6.56948142,12,13,0,1,0,1
6.26339826,13,7,1,1,0,1
